#
# There is insufficient memory for the Java Runtime Environment to continue.
# Native memory allocation (mmap) failed to map 1086324736 bytes. Error detail: committing reserved memory.
# Possible reasons:
#   The system is out of physical RAM or swap space
#   This process has exceeded the maximum number of memory mappings (check below
#     for `/proc/sys/vm/max_map_count` and `Total number of mappings`)
#   This process is running with CompressedOops enabled, and the Java Heap may be blocking the growth of the native heap
# Possible solutions:
#   Reduce memory load on the system
#   Increase physical memory or swap space
#   Check if swap backing store is full
#   Decrease Java heap size (-Xmx/-Xms)
#   Decrease number of Java threads
#   Decrease Java thread stack sizes (-Xss)
#   Set larger code cache with -XX:ReservedCodeCacheSize=
#   JVM is running with Zero Based Compressed Oops mode in which the Java heap is
#     placed in the first 32GB address space. The Java Heap base address is the
#     maximum limit for the native heap growth. Please use -XX:HeapBaseMinAddress
#     to set the Java Heap base and to place the Java Heap above 32GB virtual address.
# This output file may be truncated or incomplete.
#
#  Out of Memory Error (os_linux.cpp:2852), pid=2713, tid=2721
#
# JRE version: OpenJDK Runtime Environment Temurin-21.0.12.1+1 (21.0.12.1+1) (build 21.0.12.1+1-LTS)
# Java VM: OpenJDK 64-Bit Server VM Temurin-21.0.12.1+1 (21.0.12.1+1-LTS, mixed mode, sharing, tiered, compressed oops, compressed class ptrs, g1 gc, linux-amd64)
# No core dump will be written. Core dumps have been disabled. To enable core dumping, try "ulimit -c unlimited" before starting Java again
#

---------------  S U M M A R Y ------------

Command Line: -Xmx4g -Dfile.encoding=UTF-8 -Duser.country -Duser.language=en -Duser.variant org.jetbrains.java.decompiler.main.decompiler.ConsoleDecompiler -log=error --decompile-inner --remove-bridge --decompile-generics --ascii-strings --remove-synthetic --include-classpath --variable-renaming=jad --ignore-invalid-bytecode --bytecode-source-mapping --dump-code-lines --indent-string=     -cfg /workspace/build/neoForm/neoFormJoined1.21.1-20240808.144430/steps/listLibraries/libraries.txt /workspace/build/neoForm/neoFormJoined1.21.1-20240808.144430/steps/rename/output.jar /workspace/build/neoForm/neoFormJoined1.21.1-20240808.144430/steps/decompile/output.jar

Host: Intel(R) Xeon(R) Processor @ 2.50GHz, 2 cores, 2G, Debian GNU/Linux 12 (bookworm)
Time: Sat Aug 22 13:31:47 2026 UTC elapsed time: 6.404289 seconds (0d 0h 0m 6s)

---------------  T H R E A D  ---------------

Current thread (0x00007f20040ab570):  VMThread "VM Thread"          [id=2721, stack(0x00007f1fe1778000,0x00007f1fe1878000) (1024K)]

Stack: [0x00007f1fe1778000,0x00007f1fe1878000],  sp=0x00007f1fe1875bd0,  free space=1014k
Native frames: (J=compiled Java code, j=interpreted, Vv=VM code, C=native code)
V  [libjvm.so+0x102cb0a]  VMError::report_and_die(int, char const*, char const*, __va_list_tag*, Thread*, unsigned char*, void*, void*, char const*, int, unsigned long)+0x2ba  (os_linux.cpp:2852)
V  [libjvm.so+0x102d56d]
V  [libjvm.so+0x6bff4f]
V  [libjvm.so+0xd104d4]  os::pd_commit_memory_or_exit(char*, unsigned long, unsigned long, bool, char const*)+0xd4
V  [libjvm.so+0xd08c7d]  os::commit_memory_or_exit(char*, unsigned long, unsigned long, bool, char const*)+0x1d
V  [libjvm.so+0x81ffbb]  G1PageBasedVirtualSpace::commit(unsigned long, unsigned long)+0xfb
V  [libjvm.so+0x8360df]  G1RegionsLargerThanCommitSizeMapper::commit_regions(unsigned int, unsigned long, WorkerThreads*)+0x9f
V  [libjvm.so+0x8c5fe5]  HeapRegionManager::commit_regions(unsigned int, unsigned long, WorkerThreads*)+0x55
V  [libjvm.so+0x8c7c52]  HeapRegionManager::expand(unsigned int, unsigned int, WorkerThreads*)+0x32
V  [libjvm.so+0x8c7e7e]  HeapRegionManager::expand_by(unsigned int, WorkerThreads*)+0x7e
V  [libjvm.so+0x7da1bf]  G1CollectedHeap::expand(unsigned long, WorkerThreads*, double*)+0xff
V  [libjvm.so+0x7daab6]  G1CollectedHeap::expand_heap_after_young_collection()+0x46
V  [libjvm.so+0x85bea2]  G1YoungCollector::post_evacuate_collection_set(G1EvacInfo*, G1ParScanThreadStateSet*)+0x222
V  [libjvm.so+0x85c2a9]  G1YoungCollector::collect()+0x3e9
V  [libjvm.so+0x7d7f1d]  G1CollectedHeap::do_collection_pause_at_safepoint_helper()+0xfd
V  [libjvm.so+0x7d809c]  G1CollectedHeap::do_collection_pause_at_safepoint()+0x2c
V  [libjvm.so+0x85a0d0]  VM_G1CollectForAllocation::doit()+0x60
V  [libjvm.so+0x1032f87]  VM_Operation::evaluate()+0x107
V  [libjvm.so+0x10363bf]  VMThread::evaluate_operation(VM_Operation*)+0x13f
V  [libjvm.so+0x1037103]  VMThread::inner_execute(VM_Operation*)+0x313
V  [libjvm.so+0x10373d7]  VMThread::run()+0xb7
V  [libjvm.so+0xfa1c88]  Thread::call_run()+0xa8
V  [libjvm.so+0xd1385a]  thread_native_entry(Thread*)+0xda
VM_Operation (0x00007f2008f9ac90): G1CollectForAllocation, mode: safepoint, requested by thread 0x00007f200402bb30


---------------  P R O C E S S  ---------------

Threads class SMR info:
_java_thread_list=0x00007f20040cee60, length=10, elements={
0x00007f200402bb30, 0x00007f20040b5f20, 0x00007f20040b7490, 0x00007f20040b8c20,
0x00007f20040ba260, 0x00007f20040bb800, 0x00007f20040bd340, 0x00007f20040bea00,
0x00007f20040ca940, 0x00007f20040cdce0
}

Java Threads: ( => current thread )
  0x00007f200402bb30 JavaThread "main"                              [_thread_blocked, id=2714, stack(0x00007f2008e9d000,0x00007f2008f9d000) (1024K)]
  0x00007f20040b5f20 JavaThread "Reference Handler"          daemon [_thread_blocked, id=2722, stack(0x00007f1fe1620000,0x00007f1fe1720000) (1024K)]
  0x00007f20040b7490 JavaThread "Finalizer"                  daemon [_thread_blocked, id=2723, stack(0x00007f1fe151f000,0x00007f1fe161f000) (1024K)]
  0x00007f20040b8c20 JavaThread "Signal Dispatcher"          daemon [_thread_blocked, id=2724, stack(0x00007f1fe141e000,0x00007f1fe151e000) (1024K)]
  0x00007f20040ba260 JavaThread "Service Thread"             daemon [_thread_blocked, id=2725, stack(0x00007f1fe131d000,0x00007f1fe141d000) (1024K)]
  0x00007f20040bb800 JavaThread "Monitor Deflation Thread"   daemon [_thread_blocked, id=2726, stack(0x00007f1fe121c000,0x00007f1fe131c000) (1024K)]
  0x00007f20040bd340 JavaThread "C2 CompilerThread0"         daemon [_thread_blocked, id=2727, stack(0x00007f1fe111b000,0x00007f1fe121b000) (1024K)]
  0x00007f20040bea00 JavaThread "C1 CompilerThread0"         daemon [_thread_blocked, id=2728, stack(0x00007f1fe101a000,0x00007f1fe111a000) (1024K)]
  0x00007f20040ca940 JavaThread "Notification Thread"        daemon [_thread_blocked, id=2729, stack(0x00007f1fe0e49000,0x00007f1fe0f49000) (1024K)]
  0x00007f20040cdce0 JavaThread "Common-Cleaner"             daemon [_thread_blocked, id=2730, stack(0x00007f1fe0d48000,0x00007f1fe0e48000) (1024K)]
Total: 10

Other Threads:
=>0x00007f20040ab570 VMThread "VM Thread"                           [id=2721, stack(0x00007f1fe1778000,0x00007f1fe1878000) (1024K)]
  0x00007f2004099e60 WatcherThread "VM Periodic Task Thread"        [id=2720, stack(0x00007f1fe1879000,0x00007f1fe1979000) (1024K)]
  0x00007f2004054a60 WorkerThread "GC Thread#0"                     [id=2715, stack(0x00007f20080e7000,0x00007f20081e7000) (1024K)]
  0x00007f1f80006330 WorkerThread "GC Thread#1"                     [id=2732, stack(0x00007f1fe0c47000,0x00007f1fe0d47000) (1024K)]
  0x00007f2004066030 ConcurrentGCThread "G1 Main Marker"            [id=2716, stack(0x00007f1fe3f00000,0x00007f1fe4000000) (1024K)]
  0x00007f2004066fd0 WorkerThread "G1 Conc#0"                       [id=2717, stack(0x00007f1fe3dff000,0x00007f1fe3eff000) (1024K)]
  0x00007f200407ef90 ConcurrentGCThread "G1 Refine#0"               [id=2718, stack(0x00007f1fe1afc000,0x00007f1fe1bfc000) (1024K)]
  0x00007f200407ff50 ConcurrentGCThread "G1 Service"                [id=2719, stack(0x00007f1fe19fb000,0x00007f1fe1afb000) (1024K)]
Total: 8

Threads with active compile tasks:
C2 CompilerThread0  6410 1859       4       java.util.stream.Collectors$$Lambda/0x00007f1f8c0694c0::accept (14 bytes)
Total: 1

VM state: at safepoint (normal execution)

VM Mutex/Monitor currently owned by a thread:  ([mutex/lock_event])
[0x00007f200a5f2ed8] Threads_lock - owner thread: 0x00007f20040ab570
[0x00007f200a5f2dd8] Heap_lock - owner thread: 0x00007f200402bb30

Heap address: 0x0000000700000000, size: 4096 MB, Compressed Oops mode: Zero based, Oop shift amount: 3

CDS archive(s) mapped at: [0x00007f1f8b000000-0x00007f1f8bc9c000-0x00007f1f8bc9c000), size 13221888, SharedBaseAddress: 0x00007f1f8b000000, ArchiveRelocationMode: 1.
Compressed class space mapped at: 0x00007f1f8c000000-0x00007f1fcc000000, reserved size: 1073741824
Narrow klass base: 0x00007f1f8b000000, Narrow klass shift: 0, Narrow klass range: 0x100000000

GC Precious Log:
 CardTable entry size: 512
 Card Set container configuration: InlinePtr #cards 4 size 8 Array Of Cards #cards 16 size 48 Howl #buckets 8 coarsen threshold 3686 Howl Bitmap #cards 512 size 80 coarsen threshold 460 Card regions per heap region 1 cards per card region 4096
 CPUs: 2 total, 2 available
 Memory: 2048M
 Large Page Support: Disabled
 NUMA Support: Disabled
 Compressed Oops: Enabled (Zero based)
 Heap Region Size: 2M
 Heap Min Capacity: 8M
 Heap Initial Capacity: 32M
 Heap Max Capacity: 4G
 Pre-touch: Disabled
 Parallel Workers: 2
 Concurrent Workers: 1
 Concurrent Refinement Workers: 2
 Periodic GC: Disabled

Heap:
 garbage-first heap   total 645120K, used 279601K [0x0000000700000000, 0x0000000800000000)
  region size 2048K, 5 young (10240K), 5 survivors (10240K)
 Metaspace       used 4895K, committed 5184K, reserved 1114112K
  class space    used 499K, committed 640K, reserved 1048576K

Heap Regions: E=young(eden), S=young(survivor), O=old, HS=humongous(starts), HC=humongous(continues), CS=collection set, F=free, TAMS=top-at-mark-start, PB=parsable bottom
|   0|0x0000000700000000, 0x0000000700200000, 0x0000000700200000|100%| O|  |TAMS 0x0000000700000000| PB 0x0000000700000000| Untracked 
|   1|0x0000000700200000, 0x0000000700400000, 0x0000000700400000|100%| O|  |TAMS 0x0000000700200000| PB 0x0000000700200000| Untracked 
|   2|0x0000000700400000, 0x0000000700600000, 0x0000000700600000|100%| O|  |TAMS 0x0000000700400000| PB 0x0000000700400000| Untracked 
|   3|0x0000000700600000, 0x0000000700800000, 0x0000000700800000|100%| O|  |TAMS 0x0000000700600000| PB 0x0000000700600000| Untracked 
|   4|0x0000000700800000, 0x0000000700a00000, 0x0000000700a00000|100%|HS|  |TAMS 0x0000000700800000| PB 0x0000000700800000| Complete 
|   5|0x0000000700a00000, 0x0000000700c00000, 0x0000000700c00000|100%| O|  |TAMS 0x0000000700a00000| PB 0x0000000700a00000| Untracked 
|   6|0x0000000700c00000, 0x0000000700e00000, 0x0000000700e00000|100%| O|  |TAMS 0x0000000700c00000| PB 0x0000000700c00000| Untracked 
|   7|0x0000000700e00000, 0x0000000701000000, 0x0000000701000000|100%| O|  |TAMS 0x0000000700e00000| PB 0x0000000700e00000| Untracked 
|   8|0x0000000701000000, 0x0000000701200000, 0x0000000701200000|100%| O|  |TAMS 0x0000000701000000| PB 0x0000000701000000| Untracked 
|   9|0x0000000701200000, 0x0000000701400000, 0x0000000701400000|100%| O|  |TAMS 0x0000000701200000| PB 0x0000000701200000| Untracked 
|  10|0x0000000701400000, 0x0000000701600000, 0x0000000701600000|100%| O|  |TAMS 0x0000000701400000| PB 0x0000000701400000| Untracked 
|  11|0x0000000701600000, 0x0000000701800000, 0x0000000701800000|100%| O|  |TAMS 0x0000000701600000| PB 0x0000000701600000| Untracked 
|  12|0x0000000701800000, 0x0000000701a00000, 0x0000000701a00000|100%| O|  |TAMS 0x0000000701800000| PB 0x0000000701800000| Untracked 
|  13|0x0000000701a00000, 0x0000000701c00000, 0x0000000701c00000|100%| O|  |TAMS 0x0000000701a00000| PB 0x0000000701a00000| Untracked 
|  14|0x0000000701c00000, 0x0000000701e00000, 0x0000000701e00000|100%| O|  |TAMS 0x0000000701c00000| PB 0x0000000701c00000| Untracked 
|  15|0x0000000701e00000, 0x0000000702000000, 0x0000000702000000|100%| O|  |TAMS 0x0000000701e00000| PB 0x0000000701e00000| Untracked 
|  16|0x0000000702000000, 0x0000000702200000, 0x0000000702200000|100%| O|  |TAMS 0x0000000702000000| PB 0x0000000702000000| Untracked 
|  17|0x0000000702200000, 0x0000000702400000, 0x0000000702400000|100%| O|  |TAMS 0x0000000702200000| PB 0x0000000702200000| Untracked 
|  18|0x0000000702400000, 0x0000000702600000, 0x0000000702600000|100%| O|  |TAMS 0x0000000702400000| PB 0x0000000702400000| Untracked 
|  19|0x0000000702600000, 0x0000000702800000, 0x0000000702800000|100%| O|  |TAMS 0x0000000702600000| PB 0x0000000702600000| Untracked 
|  20|0x0000000702800000, 0x0000000702a00000, 0x0000000702a00000|100%| O|  |TAMS 0x0000000702800000| PB 0x0000000702800000| Untracked 
|  21|0x0000000702a00000, 0x0000000702c00000, 0x0000000702c00000|100%| O|  |TAMS 0x0000000702a00000| PB 0x0000000702a00000| Untracked 
|  22|0x0000000702c00000, 0x0000000702e00000, 0x0000000702e00000|100%| O|  |TAMS 0x0000000702c00000| PB 0x0000000702c00000| Untracked 
|  23|0x0000000702e00000, 0x0000000703000000, 0x0000000703000000|100%| O|  |TAMS 0x0000000702e00000| PB 0x0000000702e00000| Untracked 
|  24|0x0000000703000000, 0x0000000703200000, 0x0000000703200000|100%| O|  |TAMS 0x0000000703000000| PB 0x0000000703000000| Untracked 
|  25|0x0000000703200000, 0x0000000703400000, 0x0000000703400000|100%| O|  |TAMS 0x0000000703200000| PB 0x0000000703200000| Untracked 
|  26|0x0000000703400000, 0x0000000703600000, 0x0000000703600000|100%| O|  |TAMS 0x0000000703400000| PB 0x0000000703400000| Untracked 
|  27|0x0000000703600000, 0x0000000703800000, 0x0000000703800000|100%| O|  |TAMS 0x0000000703600000| PB 0x0000000703600000| Untracked 
|  28|0x0000000703800000, 0x0000000703a00000, 0x0000000703a00000|100%| O|  |TAMS 0x0000000703800000| PB 0x0000000703800000| Untracked 
|  29|0x0000000703a00000, 0x0000000703c00000, 0x0000000703c00000|100%| O|  |TAMS 0x0000000703a00000| PB 0x0000000703a00000| Untracked 
|  30|0x0000000703c00000, 0x0000000703e00000, 0x0000000703e00000|100%| O|  |TAMS 0x0000000703c00000| PB 0x0000000703c00000| Untracked 
|  31|0x0000000703e00000, 0x0000000704000000, 0x0000000704000000|100%| O|  |TAMS 0x0000000703e00000| PB 0x0000000703e00000| Untracked 
|  32|0x0000000704000000, 0x0000000704200000, 0x0000000704200000|100%| O|  |TAMS 0x0000000704000000| PB 0x0000000704000000| Untracked 
|  33|0x0000000704200000, 0x0000000704400000, 0x0000000704400000|100%| O|  |TAMS 0x0000000704200000| PB 0x0000000704200000| Untracked 
|  34|0x0000000704400000, 0x0000000704600000, 0x0000000704600000|100%| O|  |TAMS 0x0000000704400000| PB 0x0000000704400000| Untracked 
|  35|0x0000000704600000, 0x0000000704800000, 0x0000000704800000|100%| O|  |TAMS 0x0000000704600000| PB 0x0000000704600000| Untracked 
|  36|0x0000000704800000, 0x0000000704a00000, 0x0000000704a00000|100%| O|  |TAMS 0x0000000704800000| PB 0x0000000704800000| Untracked 
|  37|0x0000000704a00000, 0x0000000704c00000, 0x0000000704c00000|100%| O|  |TAMS 0x0000000704a00000| PB 0x0000000704a00000| Untracked 
|  38|0x0000000704c00000, 0x0000000704e00000, 0x0000000704e00000|100%| O|  |TAMS 0x0000000704c00000| PB 0x0000000704c00000| Untracked 
|  39|0x0000000704e00000, 0x0000000705000000, 0x0000000705000000|100%| O|  |TAMS 0x0000000704e00000| PB 0x0000000704e00000| Untracked 
|  40|0x0000000705000000, 0x0000000705200000, 0x0000000705200000|100%| O|  |TAMS 0x0000000705000000| PB 0x0000000705000000| Untracked 
|  41|0x0000000705200000, 0x0000000705400000, 0x0000000705400000|100%| O|  |TAMS 0x0000000705200000| PB 0x0000000705200000| Untracked 
|  42|0x0000000705400000, 0x0000000705600000, 0x0000000705600000|100%| O|  |TAMS 0x0000000705400000| PB 0x0000000705400000| Untracked 
|  43|0x0000000705600000, 0x0000000705800000, 0x0000000705800000|100%| O|  |TAMS 0x0000000705600000| PB 0x0000000705600000| Untracked 
|  44|0x0000000705800000, 0x0000000705a00000, 0x0000000705a00000|100%| O|  |TAMS 0x0000000705800000| PB 0x0000000705800000| Untracked 
|  45|0x0000000705a00000, 0x0000000705c00000, 0x0000000705c00000|100%| O|  |TAMS 0x0000000705a00000| PB 0x0000000705a00000| Untracked 
|  46|0x0000000705c00000, 0x0000000705e00000, 0x0000000705e00000|100%| O|  |TAMS 0x0000000705c00000| PB 0x0000000705c00000| Untracked 
|  47|0x0000000705e00000, 0x0000000706000000, 0x0000000706000000|100%| O|  |TAMS 0x0000000705e00000| PB 0x0000000705e00000| Untracked 
|  48|0x0000000706000000, 0x0000000706200000, 0x0000000706200000|100%| O|  |TAMS 0x0000000706000000| PB 0x0000000706000000| Untracked 
|  49|0x0000000706200000, 0x0000000706400000, 0x0000000706400000|100%| O|  |TAMS 0x0000000706200000| PB 0x0000000706200000| Untracked 
|  50|0x0000000706400000, 0x0000000706600000, 0x0000000706600000|100%| O|  |TAMS 0x0000000706400000| PB 0x0000000706400000| Untracked 
|  51|0x0000000706600000, 0x0000000706800000, 0x0000000706800000|100%| O|  |TAMS 0x0000000706600000| PB 0x0000000706600000| Untracked 
|  52|0x0000000706800000, 0x0000000706a00000, 0x0000000706a00000|100%| O|  |TAMS 0x0000000706800000| PB 0x0000000706800000| Untracked 
|  53|0x0000000706a00000, 0x0000000706c00000, 0x0000000706c00000|100%| O|  |TAMS 0x0000000706a00000| PB 0x0000000706a00000| Untracked 
|  54|0x0000000706c00000, 0x0000000706e00000, 0x0000000706e00000|100%| O|  |TAMS 0x0000000706c00000| PB 0x0000000706c00000| Untracked 
|  55|0x0000000706e00000, 0x0000000707000000, 0x0000000707000000|100%| O|  |TAMS 0x0000000706e00000| PB 0x0000000706e00000| Untracked 
|  56|0x0000000707000000, 0x0000000707200000, 0x0000000707200000|100%| O|  |TAMS 0x0000000707000000| PB 0x0000000707000000| Untracked 
|  57|0x0000000707200000, 0x0000000707400000, 0x0000000707400000|100%| O|  |TAMS 0x0000000707200000| PB 0x0000000707200000| Untracked 
|  58|0x0000000707400000, 0x0000000707600000, 0x0000000707600000|100%| O|  |TAMS 0x0000000707400000| PB 0x0000000707400000| Untracked 
|  59|0x0000000707600000, 0x0000000707800000, 0x0000000707800000|100%| O|  |TAMS 0x0000000707600000| PB 0x0000000707600000| Untracked 
|  60|0x0000000707800000, 0x0000000707a00000, 0x0000000707a00000|100%| O|  |TAMS 0x0000000707800000| PB 0x0000000707800000| Untracked 
|  61|0x0000000707a00000, 0x0000000707c00000, 0x0000000707c00000|100%| O|  |TAMS 0x0000000707a00000| PB 0x0000000707a00000| Untracked 
|  62|0x0000000707c00000, 0x0000000707e00000, 0x0000000707e00000|100%| O|  |TAMS 0x0000000707c00000| PB 0x0000000707c00000| Untracked 
|  63|0x0000000707e00000, 0x0000000708000000, 0x0000000708000000|100%| O|  |TAMS 0x0000000707e00000| PB 0x0000000707e00000| Untracked 
|  64|0x0000000708000000, 0x0000000708200000, 0x0000000708200000|100%| O|  |TAMS 0x0000000708000000| PB 0x0000000708000000| Untracked 
|  65|0x0000000708200000, 0x0000000708400000, 0x0000000708400000|100%| O|  |TAMS 0x0000000708200000| PB 0x0000000708200000| Untracked 
|  66|0x0000000708400000, 0x0000000708600000, 0x0000000708600000|100%| O|  |TAMS 0x0000000708400000| PB 0x0000000708400000| Untracked 
|  67|0x0000000708600000, 0x0000000708800000, 0x0000000708800000|100%| O|  |TAMS 0x0000000708600000| PB 0x0000000708600000| Untracked 
|  68|0x0000000708800000, 0x0000000708a00000, 0x0000000708a00000|100%| O|  |TAMS 0x0000000708800000| PB 0x0000000708800000| Untracked 
|  69|0x0000000708a00000, 0x0000000708c00000, 0x0000000708c00000|100%| O|  |TAMS 0x0000000708a00000| PB 0x0000000708a00000| Untracked 
|  70|0x0000000708c00000, 0x0000000708e00000, 0x0000000708e00000|100%| O|  |TAMS 0x0000000708c00000| PB 0x0000000708c00000| Untracked 
|  71|0x0000000708e00000, 0x0000000709000000, 0x0000000709000000|100%| O|  |TAMS 0x0000000708e00000| PB 0x0000000708e00000| Untracked 
|  72|0x0000000709000000, 0x0000000709200000, 0x0000000709200000|100%| O|  |TAMS 0x0000000709000000| PB 0x0000000709000000| Untracked 
|  73|0x0000000709200000, 0x0000000709400000, 0x0000000709400000|100%| O|  |TAMS 0x0000000709200000| PB 0x0000000709200000| Untracked 
|  74|0x0000000709400000, 0x0000000709600000, 0x0000000709600000|100%| O|  |TAMS 0x0000000709400000| PB 0x0000000709400000| Untracked 
|  75|0x0000000709600000, 0x0000000709800000, 0x0000000709800000|100%| O|  |TAMS 0x0000000709600000| PB 0x0000000709600000| Untracked 
|  76|0x0000000709800000, 0x0000000709a00000, 0x0000000709a00000|100%| O|  |TAMS 0x0000000709800000| PB 0x0000000709800000| Untracked 
|  77|0x0000000709a00000, 0x0000000709c00000, 0x0000000709c00000|100%| O|  |TAMS 0x0000000709a00000| PB 0x0000000709a00000| Untracked 
|  78|0x0000000709c00000, 0x0000000709e00000, 0x0000000709e00000|100%| O|  |TAMS 0x0000000709c00000| PB 0x0000000709c00000| Untracked 
|  79|0x0000000709e00000, 0x000000070a000000, 0x000000070a000000|100%| O|  |TAMS 0x0000000709e00000| PB 0x0000000709e00000| Untracked 
|  80|0x000000070a000000, 0x000000070a200000, 0x000000070a200000|100%| O|  |TAMS 0x000000070a000000| PB 0x000000070a000000| Untracked 
|  81|0x000000070a200000, 0x000000070a400000, 0x000000070a400000|100%| O|  |TAMS 0x000000070a200000| PB 0x000000070a200000| Untracked 
|  82|0x000000070a400000, 0x000000070a600000, 0x000000070a600000|100%| O|  |TAMS 0x000000070a400000| PB 0x000000070a400000| Untracked 
|  83|0x000000070a600000, 0x000000070a800000, 0x000000070a800000|100%| O|  |TAMS 0x000000070a600000| PB 0x000000070a600000| Untracked 
|  84|0x000000070a800000, 0x000000070aa00000, 0x000000070aa00000|100%| O|  |TAMS 0x000000070a800000| PB 0x000000070a800000| Untracked 
|  85|0x000000070aa00000, 0x000000070ac00000, 0x000000070ac00000|100%| O|  |TAMS 0x000000070aa00000| PB 0x000000070aa00000| Untracked 
|  86|0x000000070ac00000, 0x000000070ae00000, 0x000000070ae00000|100%| O|  |TAMS 0x000000070ac00000| PB 0x000000070ac00000| Untracked 
|  87|0x000000070ae00000, 0x000000070b000000, 0x000000070b000000|100%| O|  |TAMS 0x000000070ae00000| PB 0x000000070ae00000| Untracked 
|  88|0x000000070b000000, 0x000000070b200000, 0x000000070b200000|100%| O|  |TAMS 0x000000070b000000| PB 0x000000070b000000| Untracked 
|  89|0x000000070b200000, 0x000000070b400000, 0x000000070b400000|100%| O|  |TAMS 0x000000070b200000| PB 0x000000070b200000| Untracked 
|  90|0x000000070b400000, 0x000000070b600000, 0x000000070b600000|100%| O|  |TAMS 0x000000070b400000| PB 0x000000070b400000| Untracked 
|  91|0x000000070b600000, 0x000000070b800000, 0x000000070b800000|100%| O|  |TAMS 0x000000070b600000| PB 0x000000070b600000| Untracked 
|  92|0x000000070b800000, 0x000000070ba00000, 0x000000070ba00000|100%| O|  |TAMS 0x000000070b800000| PB 0x000000070b800000| Untracked 
|  93|0x000000070ba00000, 0x000000070bc00000, 0x000000070bc00000|100%| O|  |TAMS 0x000000070ba00000| PB 0x000000070ba00000| Untracked 
|  94|0x000000070bc00000, 0x000000070be00000, 0x000000070be00000|100%| O|  |TAMS 0x000000070bc00000| PB 0x000000070bc00000| Untracked 
|  95|0x000000070be00000, 0x000000070c000000, 0x000000070c000000|100%| O|  |TAMS 0x000000070be00000| PB 0x000000070be00000| Untracked 
|  96|0x000000070c000000, 0x000000070c200000, 0x000000070c200000|100%| O|  |TAMS 0x000000070c000000| PB 0x000000070c000000| Untracked 
|  97|0x000000070c200000, 0x000000070c400000, 0x000000070c400000|100%| O|  |TAMS 0x000000070c200000| PB 0x000000070c200000| Untracked 
|  98|0x000000070c400000, 0x000000070c600000, 0x000000070c600000|100%| O|  |TAMS 0x000000070c400000| PB 0x000000070c400000| Untracked 
|  99|0x000000070c600000, 0x000000070c800000, 0x000000070c800000|100%| O|  |TAMS 0x000000070c600000| PB 0x000000070c600000| Untracked 
| 100|0x000000070c800000, 0x000000070ca00000, 0x000000070ca00000|100%| O|  |TAMS 0x000000070c800000| PB 0x000000070c800000| Untracked 
| 101|0x000000070ca00000, 0x000000070cc00000, 0x000000070cc00000|100%| O|  |TAMS 0x000000070ca00000| PB 0x000000070ca00000| Untracked 
| 102|0x000000070cc00000, 0x000000070ce00000, 0x000000070ce00000|100%| O|  |TAMS 0x000000070cc00000| PB 0x000000070cc00000| Untracked 
| 103|0x000000070ce00000, 0x000000070d000000, 0x000000070d000000|100%| O|  |TAMS 0x000000070ce00000| PB 0x000000070ce00000| Untracked 
| 104|0x000000070d000000, 0x000000070d200000, 0x000000070d200000|100%| O|  |TAMS 0x000000070d000000| PB 0x000000070d000000| Untracked 
| 105|0x000000070d200000, 0x000000070d400000, 0x000000070d400000|100%| O|  |TAMS 0x000000070d200000| PB 0x000000070d200000| Untracked 
| 106|0x000000070d400000, 0x000000070d600000, 0x000000070d600000|100%| O|  |TAMS 0x000000070d400000| PB 0x000000070d400000| Untracked 
| 107|0x000000070d600000, 0x000000070d800000, 0x000000070d800000|100%| O|  |TAMS 0x000000070d600000| PB 0x000000070d600000| Untracked 
| 108|0x000000070d800000, 0x000000070da00000, 0x000000070da00000|100%| O|  |TAMS 0x000000070d800000| PB 0x000000070d800000| Untracked 
| 109|0x000000070da00000, 0x000000070dc00000, 0x000000070dc00000|100%| O|  |TAMS 0x000000070da00000| PB 0x000000070da00000| Untracked 
| 110|0x000000070dc00000, 0x000000070de00000, 0x000000070de00000|100%| O|  |TAMS 0x000000070dc00000| PB 0x000000070dc00000| Untracked 
| 111|0x000000070de00000, 0x000000070e000000, 0x000000070e000000|100%| O|  |TAMS 0x000000070de00000| PB 0x000000070de00000| Untracked 
| 112|0x000000070e000000, 0x000000070e200000, 0x000000070e200000|100%| O|  |TAMS 0x000000070e000000| PB 0x000000070e000000| Untracked 
| 113|0x000000070e200000, 0x000000070e400000, 0x000000070e400000|100%| O|  |TAMS 0x000000070e200000| PB 0x000000070e200000| Untracked 
| 114|0x000000070e400000, 0x000000070e600000, 0x000000070e600000|100%| O|  |TAMS 0x000000070e400000| PB 0x000000070e400000| Untracked 
| 115|0x000000070e600000, 0x000000070e800000, 0x000000070e800000|100%| O|  |TAMS 0x000000070e600000| PB 0x000000070e600000| Untracked 
| 116|0x000000070e800000, 0x000000070ea00000, 0x000000070ea00000|100%| O|  |TAMS 0x000000070e800000| PB 0x000000070e800000| Untracked 
| 117|0x000000070ea00000, 0x000000070ec00000, 0x000000070ec00000|100%| O|  |TAMS 0x000000070ea00000| PB 0x000000070ea00000| Untracked 
| 118|0x000000070ec00000, 0x000000070ee00000, 0x000000070ee00000|100%| O|  |TAMS 0x000000070ec00000| PB 0x000000070ec00000| Untracked 
| 119|0x000000070ee00000, 0x000000070f000000, 0x000000070f000000|100%| O|  |TAMS 0x000000070ee00000| PB 0x000000070ee00000| Untracked 
| 120|0x000000070f000000, 0x000000070f200000, 0x000000070f200000|100%| O|  |TAMS 0x000000070f000000| PB 0x000000070f000000| Untracked 
| 121|0x000000070f200000, 0x000000070f400000, 0x000000070f400000|100%| O|  |TAMS 0x000000070f200000| PB 0x000000070f200000| Untracked 
| 122|0x000000070f400000, 0x000000070f600000, 0x000000070f600000|100%| O|  |TAMS 0x000000070f400000| PB 0x000000070f400000| Untracked 
| 123|0x000000070f600000, 0x000000070f800000, 0x000000070f800000|100%| O|  |TAMS 0x000000070f600000| PB 0x000000070f600000| Untracked 
| 124|0x000000070f800000, 0x000000070fa00000, 0x000000070fa00000|100%| O|  |TAMS 0x000000070f800000| PB 0x000000070f800000| Untracked 
| 125|0x000000070fa00000, 0x000000070fc00000, 0x000000070fc00000|100%| O|  |TAMS 0x000000070fa00000| PB 0x000000070fa00000| Untracked 
| 126|0x000000070fc00000, 0x000000070fe00000, 0x000000070fe00000|100%| O|  |TAMS 0x000000070fc00000| PB 0x000000070fc00000| Untracked 
| 127|0x000000070fe00000, 0x0000000710000000, 0x0000000710000000|100%| O|  |TAMS 0x000000070fe00000| PB 0x000000070fe00000| Untracked 
| 128|0x0000000710000000, 0x0000000710200000, 0x0000000710200000|100%| O|  |TAMS 0x0000000710000000| PB 0x0000000710000000| Untracked 
| 129|0x0000000710200000, 0x0000000710400000, 0x0000000710400000|100%| O|  |TAMS 0x0000000710200000| PB 0x0000000710200000| Untracked 
| 130|0x0000000710400000, 0x0000000710600000, 0x0000000710600000|100%| O|  |TAMS 0x0000000710400000| PB 0x0000000710400000| Untracked 
| 131|0x0000000710600000, 0x0000000710600000, 0x0000000710800000|  0%| F|  |TAMS 0x0000000710600000| PB 0x0000000710600000| Untracked 
| 132|0x0000000710800000, 0x0000000710800000, 0x0000000710a00000|  0%| F|  |TAMS 0x0000000710800000| PB 0x0000000710800000| Untracked 
| 133|0x0000000710a00000, 0x0000000710a00000, 0x0000000710c00000|  0%| F|  |TAMS 0x0000000710a00000| PB 0x0000000710a00000| Untracked 
| 134|0x0000000710c00000, 0x0000000710c00000, 0x0000000710e00000|  0%| F|  |TAMS 0x0000000710c00000| PB 0x0000000710c00000| Untracked 
| 135|0x0000000710e00000, 0x0000000710e00000, 0x0000000711000000|  0%| F|  |TAMS 0x0000000710e00000| PB 0x0000000710e00000| Untracked 
| 136|0x0000000711000000, 0x0000000711000000, 0x0000000711200000|  0%| F|  |TAMS 0x0000000711000000| PB 0x0000000711000000| Untracked 
| 137|0x0000000711200000, 0x0000000711200000, 0x0000000711400000|  0%| F|  |TAMS 0x0000000711200000| PB 0x0000000711200000| Untracked 
| 138|0x0000000711400000, 0x0000000711400000, 0x0000000711600000|  0%| F|  |TAMS 0x0000000711400000| PB 0x0000000711400000| Untracked 
| 139|0x0000000711600000, 0x0000000711600000, 0x0000000711800000|  0%| F|  |TAMS 0x0000000711600000| PB 0x0000000711600000| Untracked 
| 140|0x0000000711800000, 0x0000000711800000, 0x0000000711a00000|  0%| F|  |TAMS 0x0000000711800000| PB 0x0000000711800000| Untracked 
| 141|0x0000000711a00000, 0x0000000711a00000, 0x0000000711c00000|  0%| F|  |TAMS 0x0000000711a00000| PB 0x0000000711a00000| Untracked 
| 142|0x0000000711c00000, 0x0000000711c00000, 0x0000000711e00000|  0%| F|  |TAMS 0x0000000711c00000| PB 0x0000000711c00000| Untracked 
| 143|0x0000000711e00000, 0x0000000711e00000, 0x0000000712000000|  0%| F|  |TAMS 0x0000000711e00000| PB 0x0000000711e00000| Untracked 
| 144|0x0000000712000000, 0x0000000712000000, 0x0000000712200000|  0%| F|  |TAMS 0x0000000712000000| PB 0x0000000712000000| Untracked 
| 145|0x0000000712200000, 0x0000000712200000, 0x0000000712400000|  0%| F|  |TAMS 0x0000000712200000| PB 0x0000000712200000| Untracked 
| 146|0x0000000712400000, 0x0000000712400000, 0x0000000712600000|  0%| F|  |TAMS 0x0000000712400000| PB 0x0000000712400000| Untracked 
| 147|0x0000000712600000, 0x0000000712600000, 0x0000000712800000|  0%| F|  |TAMS 0x0000000712600000| PB 0x0000000712600000| Untracked 
| 148|0x0000000712800000, 0x0000000712800000, 0x0000000712a00000|  0%| F|  |TAMS 0x0000000712800000| PB 0x0000000712800000| Untracked 
| 149|0x0000000712a00000, 0x0000000712a00000, 0x0000000712c00000|  0%| F|  |TAMS 0x0000000712a00000| PB 0x0000000712a00000| Untracked 
| 150|0x0000000712c00000, 0x0000000712c00000, 0x0000000712e00000|  0%| F|  |TAMS 0x0000000712c00000| PB 0x0000000712c00000| Untracked 
| 151|0x0000000712e00000, 0x0000000712e00000, 0x0000000713000000|  0%| F|  |TAMS 0x0000000712e00000| PB 0x0000000712e00000| Untracked 
| 152|0x0000000713000000, 0x0000000713000000, 0x0000000713200000|  0%| F|  |TAMS 0x0000000713000000| PB 0x0000000713000000| Untracked 
| 153|0x0000000713200000, 0x0000000713200000, 0x0000000713400000|  0%| F|  |TAMS 0x0000000713200000| PB 0x0000000713200000| Untracked 
| 154|0x0000000713400000, 0x0000000713400000, 0x0000000713600000|  0%| F|  |TAMS 0x0000000713400000| PB 0x0000000713400000| Untracked 
| 155|0x0000000713600000, 0x0000000713600000, 0x0000000713800000|  0%| F|  |TAMS 0x0000000713600000| PB 0x0000000713600000| Untracked 
| 156|0x0000000713800000, 0x0000000713800000, 0x0000000713a00000|  0%| F|  |TAMS 0x0000000713800000| PB 0x0000000713800000| Untracked 
| 157|0x0000000713a00000, 0x0000000713a00000, 0x0000000713c00000|  0%| F|  |TAMS 0x0000000713a00000| PB 0x0000000713a00000| Untracked 
| 158|0x0000000713c00000, 0x0000000713c00000, 0x0000000713e00000|  0%| F|  |TAMS 0x0000000713c00000| PB 0x0000000713c00000| Untracked 
| 159|0x0000000713e00000, 0x0000000713e00000, 0x0000000714000000|  0%| F|  |TAMS 0x0000000713e00000| PB 0x0000000713e00000| Untracked 
| 160|0x0000000714000000, 0x0000000714000000, 0x0000000714200000|  0%| F|  |TAMS 0x0000000714000000| PB 0x0000000714000000| Untracked 
| 161|0x0000000714200000, 0x0000000714200000, 0x0000000714400000|  0%| F|  |TAMS 0x0000000714200000| PB 0x0000000714200000| Untracked 
| 162|0x0000000714400000, 0x0000000714400000, 0x0000000714600000|  0%| F|  |TAMS 0x0000000714400000| PB 0x0000000714400000| Untracked 
| 163|0x0000000714600000, 0x0000000714600000, 0x0000000714800000|  0%| F|  |TAMS 0x0000000714600000| PB 0x0000000714600000| Untracked 
| 164|0x0000000714800000, 0x0000000714800000, 0x0000000714a00000|  0%| F|  |TAMS 0x0000000714800000| PB 0x0000000714800000| Untracked 
| 165|0x0000000714a00000, 0x0000000714a00000, 0x0000000714c00000|  0%| F|  |TAMS 0x0000000714a00000| PB 0x0000000714a00000| Untracked 
| 166|0x0000000714c00000, 0x0000000714c00000, 0x0000000714e00000|  0%| F|  |TAMS 0x0000000714c00000| PB 0x0000000714c00000| Untracked 
| 167|0x0000000714e00000, 0x0000000714e00000, 0x0000000715000000|  0%| F|  |TAMS 0x0000000714e00000| PB 0x0000000714e00000| Untracked 
| 168|0x0000000715000000, 0x0000000715000000, 0x0000000715200000|  0%| F|  |TAMS 0x0000000715000000| PB 0x0000000715000000| Untracked 
| 169|0x0000000715200000, 0x0000000715200000, 0x0000000715400000|  0%| F|  |TAMS 0x0000000715200000| PB 0x0000000715200000| Untracked 
| 170|0x0000000715400000, 0x0000000715400000, 0x0000000715600000|  0%| F|  |TAMS 0x0000000715400000| PB 0x0000000715400000| Untracked 
| 171|0x0000000715600000, 0x0000000715600000, 0x0000000715800000|  0%| F|  |TAMS 0x0000000715600000| PB 0x0000000715600000| Untracked 
| 172|0x0000000715800000, 0x0000000715800000, 0x0000000715a00000|  0%| F|  |TAMS 0x0000000715800000| PB 0x0000000715800000| Untracked 
| 173|0x0000000715a00000, 0x0000000715a00000, 0x0000000715c00000|  0%| F|  |TAMS 0x0000000715a00000| PB 0x0000000715a00000| Untracked 
| 174|0x0000000715c00000, 0x0000000715c00000, 0x0000000715e00000|  0%| F|  |TAMS 0x0000000715c00000| PB 0x0000000715c00000| Untracked 
| 175|0x0000000715e00000, 0x0000000715e00000, 0x0000000716000000|  0%| F|  |TAMS 0x0000000715e00000| PB 0x0000000715e00000| Untracked 
| 176|0x0000000716000000, 0x0000000716000000, 0x0000000716200000|  0%| F|  |TAMS 0x0000000716000000| PB 0x0000000716000000| Untracked 
| 177|0x0000000716200000, 0x0000000716200000, 0x0000000716400000|  0%| F|  |TAMS 0x0000000716200000| PB 0x0000000716200000| Untracked 
| 178|0x0000000716400000, 0x0000000716400000, 0x0000000716600000|  0%| F|  |TAMS 0x0000000716400000| PB 0x0000000716400000| Untracked 
| 179|0x0000000716600000, 0x0000000716600000, 0x0000000716800000|  0%| F|  |TAMS 0x0000000716600000| PB 0x0000000716600000| Untracked 
| 180|0x0000000716800000, 0x0000000716800000, 0x0000000716a00000|  0%| F|  |TAMS 0x0000000716800000| PB 0x0000000716800000| Untracked 
| 181|0x0000000716a00000, 0x0000000716a00000, 0x0000000716c00000|  0%| F|  |TAMS 0x0000000716a00000| PB 0x0000000716a00000| Untracked 
| 182|0x0000000716c00000, 0x0000000716c00000, 0x0000000716e00000|  0%| F|  |TAMS 0x0000000716c00000| PB 0x0000000716c00000| Untracked 
| 183|0x0000000716e00000, 0x0000000716e00000, 0x0000000717000000|  0%| F|  |TAMS 0x0000000716e00000| PB 0x0000000716e00000| Untracked 
| 184|0x0000000717000000, 0x0000000717000000, 0x0000000717200000|  0%| F|  |TAMS 0x0000000717000000| PB 0x0000000717000000| Untracked 
| 185|0x0000000717200000, 0x0000000717200000, 0x0000000717400000|  0%| F|  |TAMS 0x0000000717200000| PB 0x0000000717200000| Untracked 
| 186|0x0000000717400000, 0x0000000717400000, 0x0000000717600000|  0%| F|  |TAMS 0x0000000717400000| PB 0x0000000717400000| Untracked 
| 187|0x0000000717600000, 0x0000000717600000, 0x0000000717800000|  0%| F|  |TAMS 0x0000000717600000| PB 0x0000000717600000| Untracked 
| 188|0x0000000717800000, 0x0000000717800000, 0x0000000717a00000|  0%| F|  |TAMS 0x0000000717800000| PB 0x0000000717800000| Untracked 
| 189|0x0000000717a00000, 0x0000000717a00000, 0x0000000717c00000|  0%| F|  |TAMS 0x0000000717a00000| PB 0x0000000717a00000| Untracked 
| 190|0x0000000717c00000, 0x0000000717c00000, 0x0000000717e00000|  0%| F|  |TAMS 0x0000000717c00000| PB 0x0000000717c00000| Untracked 
| 191|0x0000000717e00000, 0x0000000717e00000, 0x0000000718000000|  0%| F|  |TAMS 0x0000000717e00000| PB 0x0000000717e00000| Untracked 
| 192|0x0000000718000000, 0x0000000718000000, 0x0000000718200000|  0%| F|  |TAMS 0x0000000718000000| PB 0x0000000718000000| Untracked 
| 193|0x0000000718200000, 0x0000000718200000, 0x0000000718400000|  0%| F|  |TAMS 0x0000000718200000| PB 0x0000000718200000| Untracked 
| 194|0x0000000718400000, 0x0000000718400000, 0x0000000718600000|  0%| F|  |TAMS 0x0000000718400000| PB 0x0000000718400000| Untracked 
| 195|0x0000000718600000, 0x0000000718600000, 0x0000000718800000|  0%| F|  |TAMS 0x0000000718600000| PB 0x0000000718600000| Untracked 
| 196|0x0000000718800000, 0x0000000718800000, 0x0000000718a00000|  0%| F|  |TAMS 0x0000000718800000| PB 0x0000000718800000| Untracked 
| 197|0x0000000718a00000, 0x0000000718a00000, 0x0000000718c00000|  0%| F|  |TAMS 0x0000000718a00000| PB 0x0000000718a00000| Untracked 
| 198|0x0000000718c00000, 0x0000000718c00000, 0x0000000718e00000|  0%| F|  |TAMS 0x0000000718c00000| PB 0x0000000718c00000| Untracked 
| 199|0x0000000718e00000, 0x0000000718e00000, 0x0000000719000000|  0%| F|  |TAMS 0x0000000718e00000| PB 0x0000000718e00000| Untracked 
| 200|0x0000000719000000, 0x0000000719000000, 0x0000000719200000|  0%| F|  |TAMS 0x0000000719000000| PB 0x0000000719000000| Untracked 
| 201|0x0000000719200000, 0x0000000719200000, 0x0000000719400000|  0%| F|  |TAMS 0x0000000719200000| PB 0x0000000719200000| Untracked 
| 202|0x0000000719400000, 0x0000000719400000, 0x0000000719600000|  0%| F|  |TAMS 0x0000000719400000| PB 0x0000000719400000| Untracked 
| 203|0x0000000719600000, 0x0000000719600000, 0x0000000719800000|  0%| F|  |TAMS 0x0000000719600000| PB 0x0000000719600000| Untracked 
| 204|0x0000000719800000, 0x0000000719800000, 0x0000000719a00000|  0%| F|  |TAMS 0x0000000719800000| PB 0x0000000719800000| Untracked 
| 205|0x0000000719a00000, 0x0000000719a00000, 0x0000000719c00000|  0%| F|  |TAMS 0x0000000719a00000| PB 0x0000000719a00000| Untracked 
| 206|0x0000000719c00000, 0x0000000719c00000, 0x0000000719e00000|  0%| F|  |TAMS 0x0000000719c00000| PB 0x0000000719c00000| Untracked 
| 207|0x0000000719e00000, 0x0000000719e00000, 0x000000071a000000|  0%| F|  |TAMS 0x0000000719e00000| PB 0x0000000719e00000| Untracked 
| 208|0x000000071a000000, 0x000000071a000000, 0x000000071a200000|  0%| F|  |TAMS 0x000000071a000000| PB 0x000000071a000000| Untracked 
| 209|0x000000071a200000, 0x000000071a200000, 0x000000071a400000|  0%| F|  |TAMS 0x000000071a200000| PB 0x000000071a200000| Untracked 
| 210|0x000000071a400000, 0x000000071a400000, 0x000000071a600000|  0%| F|  |TAMS 0x000000071a400000| PB 0x000000071a400000| Untracked 
| 211|0x000000071a600000, 0x000000071a600000, 0x000000071a800000|  0%| F|  |TAMS 0x000000071a600000| PB 0x000000071a600000| Untracked 
| 212|0x000000071a800000, 0x000000071a800000, 0x000000071aa00000|  0%| F|  |TAMS 0x000000071a800000| PB 0x000000071a800000| Untracked 
| 213|0x000000071aa00000, 0x000000071aa00000, 0x000000071ac00000|  0%| F|  |TAMS 0x000000071aa00000| PB 0x000000071aa00000| Untracked 
| 214|0x000000071ac00000, 0x000000071ac00000, 0x000000071ae00000|  0%| F|  |TAMS 0x000000071ac00000| PB 0x000000071ac00000| Untracked 
| 215|0x000000071ae00000, 0x000000071ae00000, 0x000000071b000000|  0%| F|  |TAMS 0x000000071ae00000| PB 0x000000071ae00000| Untracked 
| 216|0x000000071b000000, 0x000000071b000000, 0x000000071b200000|  0%| F|  |TAMS 0x000000071b000000| PB 0x000000071b000000| Untracked 
| 217|0x000000071b200000, 0x000000071b200000, 0x000000071b400000|  0%| F|  |TAMS 0x000000071b200000| PB 0x000000071b200000| Untracked 
| 218|0x000000071b400000, 0x000000071b400000, 0x000000071b600000|  0%| F|  |TAMS 0x000000071b400000| PB 0x000000071b400000| Untracked 
| 219|0x000000071b600000, 0x000000071b600000, 0x000000071b800000|  0%| F|  |TAMS 0x000000071b600000| PB 0x000000071b600000| Untracked 
| 220|0x000000071b800000, 0x000000071b800000, 0x000000071ba00000|  0%| F|  |TAMS 0x000000071b800000| PB 0x000000071b800000| Untracked 
| 221|0x000000071ba00000, 0x000000071ba00000, 0x000000071bc00000|  0%| F|  |TAMS 0x000000071ba00000| PB 0x000000071ba00000| Untracked 
| 222|0x000000071bc00000, 0x000000071bc00000, 0x000000071be00000|  0%| F|  |TAMS 0x000000071bc00000| PB 0x000000071bc00000| Untracked 
| 223|0x000000071be00000, 0x000000071be00000, 0x000000071c000000|  0%| F|  |TAMS 0x000000071be00000| PB 0x000000071be00000| Untracked 
| 224|0x000000071c000000, 0x000000071c000000, 0x000000071c200000|  0%| F|  |TAMS 0x000000071c000000| PB 0x000000071c000000| Untracked 
| 225|0x000000071c200000, 0x000000071c200000, 0x000000071c400000|  0%| F|  |TAMS 0x000000071c200000| PB 0x000000071c200000| Untracked 
| 226|0x000000071c400000, 0x000000071c400000, 0x000000071c600000|  0%| F|  |TAMS 0x000000071c400000| PB 0x000000071c400000| Untracked 
| 227|0x000000071c600000, 0x000000071c600000, 0x000000071c800000|  0%| F|  |TAMS 0x000000071c600000| PB 0x000000071c600000| Untracked 
| 228|0x000000071c800000, 0x000000071c800000, 0x000000071ca00000|  0%| F|  |TAMS 0x000000071c800000| PB 0x000000071c800000| Untracked 
| 229|0x000000071ca00000, 0x000000071ca00000, 0x000000071cc00000|  0%| F|  |TAMS 0x000000071ca00000| PB 0x000000071ca00000| Untracked 
| 230|0x000000071cc00000, 0x000000071cc00000, 0x000000071ce00000|  0%| F|  |TAMS 0x000000071cc00000| PB 0x000000071cc00000| Untracked 
| 231|0x000000071ce00000, 0x000000071ce00000, 0x000000071d000000|  0%| F|  |TAMS 0x000000071ce00000| PB 0x000000071ce00000| Untracked 
| 232|0x000000071d000000, 0x000000071d000000, 0x000000071d200000|  0%| F|  |TAMS 0x000000071d000000| PB 0x000000071d000000| Untracked 
| 233|0x000000071d200000, 0x000000071d200000, 0x000000071d400000|  0%| F|  |TAMS 0x000000071d200000| PB 0x000000071d200000| Untracked 
| 234|0x000000071d400000, 0x000000071d400000, 0x000000071d600000|  0%| F|  |TAMS 0x000000071d400000| PB 0x000000071d400000| Untracked 
| 235|0x000000071d600000, 0x000000071d600000, 0x000000071d800000|  0%| F|  |TAMS 0x000000071d600000| PB 0x000000071d600000| Untracked 
| 236|0x000000071d800000, 0x000000071d800000, 0x000000071da00000|  0%| F|  |TAMS 0x000000071d800000| PB 0x000000071d800000| Untracked 
| 237|0x000000071da00000, 0x000000071da00000, 0x000000071dc00000|  0%| F|  |TAMS 0x000000071da00000| PB 0x000000071da00000| Untracked 
| 238|0x000000071dc00000, 0x000000071dc00000, 0x000000071de00000|  0%| F|  |TAMS 0x000000071dc00000| PB 0x000000071dc00000| Untracked 
| 239|0x000000071de00000, 0x000000071de00000, 0x000000071e000000|  0%| F|  |TAMS 0x000000071de00000| PB 0x000000071de00000| Untracked 
| 240|0x000000071e000000, 0x000000071e000000, 0x000000071e200000|  0%| F|  |TAMS 0x000000071e000000| PB 0x000000071e000000| Untracked 
| 241|0x000000071e200000, 0x000000071e200000, 0x000000071e400000|  0%| F|  |TAMS 0x000000071e200000| PB 0x000000071e200000| Untracked 
| 242|0x000000071e400000, 0x000000071e400000, 0x000000071e600000|  0%| F|  |TAMS 0x000000071e400000| PB 0x000000071e400000| Untracked 
| 243|0x000000071e600000, 0x000000071e600000, 0x000000071e800000|  0%| F|  |TAMS 0x000000071e600000| PB 0x000000071e600000| Untracked 
| 244|0x000000071e800000, 0x000000071e800000, 0x000000071ea00000|  0%| F|  |TAMS 0x000000071e800000| PB 0x000000071e800000| Untracked 
| 245|0x000000071ea00000, 0x000000071ea00000, 0x000000071ec00000|  0%| F|  |TAMS 0x000000071ea00000| PB 0x000000071ea00000| Untracked 
| 246|0x000000071ec00000, 0x000000071ec00000, 0x000000071ee00000|  0%| F|  |TAMS 0x000000071ec00000| PB 0x000000071ec00000| Untracked 
| 247|0x000000071ee00000, 0x000000071ee00000, 0x000000071f000000|  0%| F|  |TAMS 0x000000071ee00000| PB 0x000000071ee00000| Untracked 
| 248|0x000000071f000000, 0x000000071f000000, 0x000000071f200000|  0%| F|  |TAMS 0x000000071f000000| PB 0x000000071f000000| Untracked 
| 249|0x000000071f200000, 0x000000071f200000, 0x000000071f400000|  0%| F|  |TAMS 0x000000071f200000| PB 0x000000071f200000| Untracked 
| 250|0x000000071f400000, 0x000000071f400000, 0x000000071f600000|  0%| F|  |TAMS 0x000000071f400000| PB 0x000000071f400000| Untracked 
| 251|0x000000071f600000, 0x000000071f600000, 0x000000071f800000|  0%| F|  |TAMS 0x000000071f600000| PB 0x000000071f600000| Untracked 
| 252|0x000000071f800000, 0x000000071f800000, 0x000000071fa00000|  0%| F|  |TAMS 0x000000071f800000| PB 0x000000071f800000| Untracked 
| 253|0x000000071fa00000, 0x000000071fa00000, 0x000000071fc00000|  0%| F|  |TAMS 0x000000071fa00000| PB 0x000000071fa00000| Untracked 
| 254|0x000000071fc00000, 0x000000071fc00000, 0x000000071fe00000|  0%| F|  |TAMS 0x000000071fc00000| PB 0x000000071fc00000| Untracked 
| 255|0x000000071fe00000, 0x000000071fe00000, 0x0000000720000000|  0%| F|  |TAMS 0x000000071fe00000| PB 0x000000071fe00000| Untracked 
| 256|0x0000000720000000, 0x0000000720000000, 0x0000000720200000|  0%| F|  |TAMS 0x0000000720000000| PB 0x0000000720000000| Untracked 
| 257|0x0000000720200000, 0x0000000720200000, 0x0000000720400000|  0%| F|  |TAMS 0x0000000720200000| PB 0x0000000720200000| Untracked 
| 258|0x0000000720400000, 0x0000000720400000, 0x0000000720600000|  0%| F|  |TAMS 0x0000000720400000| PB 0x0000000720400000| Untracked 
| 259|0x0000000720600000, 0x0000000720600000, 0x0000000720800000|  0%| F|  |TAMS 0x0000000720600000| PB 0x0000000720600000| Untracked 
| 260|0x0000000720800000, 0x0000000720800000, 0x0000000720a00000|  0%| F|  |TAMS 0x0000000720800000| PB 0x0000000720800000| Untracked 
| 261|0x0000000720a00000, 0x0000000720a00000, 0x0000000720c00000|  0%| F|  |TAMS 0x0000000720a00000| PB 0x0000000720a00000| Untracked 
| 262|0x0000000720c00000, 0x0000000720c00000, 0x0000000720e00000|  0%| F|  |TAMS 0x0000000720c00000| PB 0x0000000720c00000| Untracked 
| 263|0x0000000720e00000, 0x0000000720e00000, 0x0000000721000000|  0%| F|  |TAMS 0x0000000720e00000| PB 0x0000000720e00000| Untracked 
| 264|0x0000000721000000, 0x0000000721000000, 0x0000000721200000|  0%| F|  |TAMS 0x0000000721000000| PB 0x0000000721000000| Untracked 
| 265|0x0000000721200000, 0x0000000721200000, 0x0000000721400000|  0%| F|  |TAMS 0x0000000721200000| PB 0x0000000721200000| Untracked 
| 266|0x0000000721400000, 0x0000000721400000, 0x0000000721600000|  0%| F|  |TAMS 0x0000000721400000| PB 0x0000000721400000| Untracked 
| 267|0x0000000721600000, 0x0000000721600000, 0x0000000721800000|  0%| F|  |TAMS 0x0000000721600000| PB 0x0000000721600000| Untracked 
| 268|0x0000000721800000, 0x0000000721800000, 0x0000000721a00000|  0%| F|  |TAMS 0x0000000721800000| PB 0x0000000721800000| Untracked 
| 269|0x0000000721a00000, 0x0000000721a00000, 0x0000000721c00000|  0%| F|  |TAMS 0x0000000721a00000| PB 0x0000000721a00000| Untracked 
| 270|0x0000000721c00000, 0x0000000721c00000, 0x0000000721e00000|  0%| F|  |TAMS 0x0000000721c00000| PB 0x0000000721c00000| Untracked 
| 271|0x0000000721e00000, 0x0000000721e00000, 0x0000000722000000|  0%| F|  |TAMS 0x0000000721e00000| PB 0x0000000721e00000| Untracked 
| 272|0x0000000722000000, 0x0000000722200000, 0x0000000722200000|100%| S|CS|TAMS 0x0000000722000000| PB 0x0000000722000000| Complete 
| 273|0x0000000722200000, 0x0000000722400000, 0x0000000722400000|100%| S|CS|TAMS 0x0000000722200000| PB 0x0000000722200000| Complete 
| 274|0x0000000722400000, 0x0000000722600000, 0x0000000722600000|100%| S|CS|TAMS 0x0000000722400000| PB 0x0000000722400000| Complete 
| 275|0x0000000722600000, 0x0000000722600000, 0x0000000722800000|  0%| F|  |TAMS 0x0000000722600000| PB 0x0000000722600000| Untracked 
| 276|0x0000000722800000, 0x0000000722800000, 0x0000000722a00000|  0%| F|  |TAMS 0x0000000722800000| PB 0x0000000722800000| Untracked 
| 277|0x0000000722a00000, 0x0000000722a00000, 0x0000000722c00000|  0%| F|  |TAMS 0x0000000722a00000| PB 0x0000000722a00000| Untracked 
| 278|0x0000000722c00000, 0x0000000722e00000, 0x0000000722e00000|100%| S|CS|TAMS 0x0000000722c00000| PB 0x0000000722c00000| Complete 
| 279|0x0000000722e00000, 0x0000000723000000, 0x0000000723000000|100%| S|CS|TAMS 0x0000000722e00000| PB 0x0000000722e00000| Complete 
| 280|0x0000000723000000, 0x0000000723000000, 0x0000000723200000|  0%| F|  |TAMS 0x0000000723000000| PB 0x0000000723000000| Untracked 
| 281|0x0000000723200000, 0x0000000723200000, 0x0000000723400000|  0%| F|  |TAMS 0x0000000723200000| PB 0x0000000723200000| Untracked 
| 282|0x0000000723400000, 0x0000000723400000, 0x0000000723600000|  0%| F|  |TAMS 0x0000000723400000| PB 0x0000000723400000| Untracked 
| 283|0x0000000723600000, 0x0000000723600000, 0x0000000723800000|  0%| F|  |TAMS 0x0000000723600000| PB 0x0000000723600000| Untracked 
| 284|0x0000000723800000, 0x0000000723800000, 0x0000000723a00000|  0%| F|  |TAMS 0x0000000723800000| PB 0x0000000723800000| Untracked 
| 285|0x0000000723a00000, 0x0000000723a00000, 0x0000000723c00000|  0%| F|  |TAMS 0x0000000723a00000| PB 0x0000000723a00000| Untracked 
| 286|0x0000000723c00000, 0x0000000723c00000, 0x0000000723e00000|  0%| F|  |TAMS 0x0000000723c00000| PB 0x0000000723c00000| Untracked 
| 287|0x0000000723e00000, 0x0000000723e00000, 0x0000000724000000|  0%| F|  |TAMS 0x0000000723e00000| PB 0x0000000723e00000| Untracked 
| 288|0x0000000724000000, 0x0000000724000000, 0x0000000724200000|  0%| F|  |TAMS 0x0000000724000000| PB 0x0000000724000000| Untracked 
| 289|0x0000000724200000, 0x0000000724200000, 0x0000000724400000|  0%| F|  |TAMS 0x0000000724200000| PB 0x0000000724200000| Untracked 
| 290|0x0000000724400000, 0x0000000724400000, 0x0000000724600000|  0%| F|  |TAMS 0x0000000724400000| PB 0x0000000724400000| Untracked 
| 291|0x0000000724600000, 0x0000000724600000, 0x0000000724800000|  0%| F|  |TAMS 0x0000000724600000| PB 0x0000000724600000| Untracked 
| 292|0x0000000724800000, 0x0000000724800000, 0x0000000724a00000|  0%| F|  |TAMS 0x0000000724800000| PB 0x0000000724800000| Untracked 
| 293|0x0000000724a00000, 0x0000000724a00000, 0x0000000724c00000|  0%| F|  |TAMS 0x0000000724a00000| PB 0x0000000724a00000| Untracked 
| 294|0x0000000724c00000, 0x0000000724c00000, 0x0000000724e00000|  0%| F|  |TAMS 0x0000000724c00000| PB 0x0000000724c00000| Untracked 
| 295|0x0000000724e00000, 0x0000000724e00000, 0x0000000725000000|  0%| F|  |TAMS 0x0000000724e00000| PB 0x0000000724e00000| Untracked 
| 296|0x0000000725000000, 0x0000000725000000, 0x0000000725200000|  0%| F|  |TAMS 0x0000000725000000| PB 0x0000000725000000| Untracked 
| 297|0x0000000725200000, 0x0000000725200000, 0x0000000725400000|  0%| F|  |TAMS 0x0000000725200000| PB 0x0000000725200000| Untracked 
| 298|0x0000000725400000, 0x0000000725400000, 0x0000000725600000|  0%| F|  |TAMS 0x0000000725400000| PB 0x0000000725400000| Untracked 
| 299|0x0000000725600000, 0x0000000725600000, 0x0000000725800000|  0%| F|  |TAMS 0x0000000725600000| PB 0x0000000725600000| Untracked 
| 300|0x0000000725800000, 0x0000000725800000, 0x0000000725a00000|  0%| F|  |TAMS 0x0000000725800000| PB 0x0000000725800000| Untracked 
| 301|0x0000000725a00000, 0x0000000725a00000, 0x0000000725c00000|  0%| F|  |TAMS 0x0000000725a00000| PB 0x0000000725a00000| Untracked 
| 302|0x0000000725c00000, 0x0000000725c00000, 0x0000000725e00000|  0%| F|  |TAMS 0x0000000725c00000| PB 0x0000000725c00000| Untracked 
| 303|0x0000000725e00000, 0x0000000725e00000, 0x0000000726000000|  0%| F|  |TAMS 0x0000000725e00000| PB 0x0000000725e00000| Untracked 
| 304|0x0000000726000000, 0x0000000726000000, 0x0000000726200000|  0%| F|  |TAMS 0x0000000726000000| PB 0x0000000726000000| Untracked 
| 305|0x0000000726200000, 0x0000000726200000, 0x0000000726400000|  0%| F|  |TAMS 0x0000000726200000| PB 0x0000000726200000| Untracked 
| 306|0x0000000726400000, 0x0000000726400000, 0x0000000726600000|  0%| F|  |TAMS 0x0000000726400000| PB 0x0000000726400000| Untracked 
| 307|0x0000000726600000, 0x0000000726600000, 0x0000000726800000|  0%| F|  |TAMS 0x0000000726600000| PB 0x0000000726600000| Untracked 
| 308|0x0000000726800000, 0x0000000726800000, 0x0000000726a00000|  0%| F|  |TAMS 0x0000000726800000| PB 0x0000000726800000| Untracked 
| 309|0x0000000726a00000, 0x0000000726a00000, 0x0000000726c00000|  0%| F|  |TAMS 0x0000000726a00000| PB 0x0000000726a00000| Untracked 
| 310|0x0000000726c00000, 0x0000000726c00000, 0x0000000726e00000|  0%| F|  |TAMS 0x0000000726c00000| PB 0x0000000726c00000| Untracked 
| 311|0x0000000726e00000, 0x0000000726e00000, 0x0000000727000000|  0%| F|  |TAMS 0x0000000726e00000| PB 0x0000000726e00000| Untracked 
| 312|0x0000000727000000, 0x0000000727000000, 0x0000000727200000|  0%| F|  |TAMS 0x0000000727000000| PB 0x0000000727000000| Untracked 
| 313|0x0000000727200000, 0x0000000727200000, 0x0000000727400000|  0%| F|  |TAMS 0x0000000727200000| PB 0x0000000727200000| Untracked 
|2047|0x00000007ffe00000, 0x00000007fff0c660, 0x0000000800000000| 52%| O|  |TAMS 0x00000007ffe00000| PB 0x00000007ffe00000| Untracked 

Card table byte_map: [0x00007f1fec055000,0x00007f1fec855000] _byte_map_base: 0x00007f1fe8855000

Marking Bits: (CMBitMap*) 0x00007f2004055590
 Bits: [0x00007f1fe8055000, 0x00007f1fec055000)

Polling page: 0x00007f200a819000

Metaspace:

Usage:
  Non-class:      4.29 MB used.
      Class:    499.70 KB used.
       Both:      4.78 MB used.

Virtual space:
  Non-class space:       64.00 MB reserved,       4.44 MB (  7%) committed,  1 nodes.
      Class space:        1.00 GB reserved,     640.00 KB ( <1%) committed,  1 nodes.
             Both:        1.06 GB reserved,       5.06 MB ( <1%) committed. 

Chunk freelists:
   Non-Class:  9.66 MB
       Class:  15.37 MB
        Both:  25.04 MB

MaxMetaspaceSize: unlimited
CompressedClassSpaceSize: 1.00 GB
Initial GC threshold: 21.00 MB
Current GC threshold: 21.00 MB
CDS: on
 - commit_granule_bytes: 65536.
 - commit_granule_words: 8192.
 - virtual_space_node_default_size: 8388608.
 - enlarge_chunks_in_place: 1.
 - use_allocation_guard: 0.


Internal statistics:

num_allocs_failed_limit: 0.
num_arena_births: 156.
num_arena_deaths: 0.
num_vsnodes_births: 2.
num_vsnodes_deaths: 0.
num_space_committed: 81.
num_space_uncommitted: 0.
num_chunks_returned_to_freelist: 0.
num_chunks_taken_from_freelist: 327.
num_chunk_merges: 0.
num_chunk_splits: 207.
num_chunks_enlarged: 111.
num_inconsistent_stats: 0.

CodeHeap 'non-profiled nmethods': size=120036Kb used=1082Kb max_used=1082Kb free=118953Kb
 bounds [0x00007f1ff431c000, 0x00007f1ff458c000, 0x00007f1ffb855000]
CodeHeap 'profiled nmethods': size=120032Kb used=2648Kb max_used=3124Kb free=117383Kb
 bounds [0x00007f1fec855000, 0x00007f1fecb65000, 0x00007f1ff3d8d000]
CodeHeap 'non-nmethods': size=5692Kb used=1469Kb max_used=1535Kb free=4222Kb
 bounds [0x00007f1ff3d8d000, 0x00007f1ff3ffd000, 0x00007f1ff431c000]
CodeCache: size=245760Kb, used=5199Kb, max_used=5741Kb, free=240558Kb
 total_blobs=2040, nmethods=1572, adapters=372, full_count=0
Compilation: enabled, stopped_count=0, restarted_count=0

Compilation events (20 events):
Event: 6.305 Thread 0x00007f20040bea00 nmethod 1914 0x00007f1fec8d3590 code [0x00007f1fec8d3740, 0x00007f1fec8d3920]
Event: 6.305 Thread 0x00007f20040bea00 1915       2       org.jetbrains.java.decompiler.main.ClassWriter::lambda$getModifiers$3 (23 bytes)
Event: 6.306 Thread 0x00007f20040bea00 nmethod 1915 0x00007f1fec995890 code [0x00007f1fec995a40, 0x00007f1fec995ba8]
Event: 6.306 Thread 0x00007f20040bea00 1916       2       java.util.stream.ReferencePipeline::map (26 bytes)
Event: 6.306 Thread 0x00007f20040bea00 nmethod 1916 0x00007f1fec983710 code [0x00007f1fec9838c0, 0x00007f1fec983ba8]
Event: 6.306 Thread 0x00007f20040bea00 1917       2       java.util.stream.ReferencePipeline::collect (124 bytes)
Event: 6.307 Thread 0x00007f20040bea00 nmethod 1917 0x00007f1fec905190 code [0x00007f1fec9053e0, 0x00007f1fec9058e8]
Event: 6.308 Thread 0x00007f20040bea00 1918       2       org.jetbrains.java.decompiler.struct.StructMember::getAttribute (19 bytes)
Event: 6.308 Thread 0x00007f20040bea00 nmethod 1918 0x00007f1fec9a5e90 code [0x00007f1fec9a6040, 0x00007f1fec9a61b8]
Event: 6.308 Thread 0x00007f20040bea00 1919       2       java.util.HashMap::computeIfAbsent (330 bytes)
Event: 6.308 Thread 0x00007f20040bea00 nmethod 1919 0x00007f1fec85d190 code [0x00007f1fec85d440, 0x00007f1fec85df08]
Event: 6.309 Thread 0x00007f20040bea00 1920       1       org.jetbrains.java.decompiler.struct.StructClass::isOwn (5 bytes)
Event: 6.309 Thread 0x00007f20040bea00 nmethod 1920 0x00007f1ff4429610 code [0x00007f1ff44297a0, 0x00007f1ff4429868]
Event: 6.309 Thread 0x00007f20040bea00 1921       1       java.util.Spliterators$IteratorSpliterator::characteristics (5 bytes)
Event: 6.309 Thread 0x00007f20040bea00 nmethod 1921 0x00007f1ff4429910 code [0x00007f1ff4429aa0, 0x00007f1ff4429b60]
Event: 6.309 Thread 0x00007f20040bea00 1922       2       java.util.StringJoiner::checkAddLength (50 bytes)
Event: 6.310 Thread 0x00007f20040bea00 nmethod 1922 0x00007f1fec9d1790 code [0x00007f1fec9d1940, 0x00007f1fec9d1b58]
Event: 6.310 Thread 0x00007f20040bea00 1923       2       java.lang.String::valueOf (15 bytes)
Event: 6.310 Thread 0x00007f20040bea00 nmethod 1923 0x00007f1fec9ad490 code [0x00007f1fec9ad640, 0x00007f1fec9ad760]
Event: 6.311 Thread 0x00007f20040bd340 nmethod 1859 0x00007f1ff4429c10 code [0x00007f1ff4429de0, 0x00007f1ff442a718]

GC Heap History (20 events):
Event: 2.580 GC heap after
{Heap after GC invocations=10 (full 0):
 garbage-first heap   total 217088K, used 52243K [0x0000000700000000, 0x0000000800000000)
  region size 2048K, 2 young (4096K), 2 survivors (4096K)
 Metaspace       used 4693K, committed 4928K, reserved 1114112K
  class space    used 480K, committed 576K, reserved 1048576K
}
Event: 3.066 GC heap before
{Heap before GC invocations=11 (full 0):
 garbage-first heap   total 178176K, used 111635K [0x0000000700000000, 0x0000000800000000)
  region size 2048K, 31 young (63488K), 2 survivors (4096K)
 Metaspace       used 4699K, committed 4928K, reserved 1114112K
  class space    used 480K, committed 576K, reserved 1048576K
}
Event: 3.096 GC heap after
{Heap after GC invocations=12 (full 0):
 garbage-first heap   total 178176K, used 77843K [0x0000000700000000, 0x0000000800000000)
  region size 2048K, 4 young (8192K), 4 survivors (8192K)
 Metaspace       used 4699K, committed 4928K, reserved 1114112K
  class space    used 480K, committed 576K, reserved 1048576K
}
Event: 3.310 GC heap before
{Heap before GC invocations=12 (full 0):
 garbage-first heap   total 178176K, used 124947K [0x0000000700000000, 0x0000000800000000)
  region size 2048K, 27 young (55296K), 4 survivors (8192K)
 Metaspace       used 4700K, committed 4928K, reserved 1114112K
  class space    used 480K, committed 576K, reserved 1048576K
}
Event: 3.393 GC heap after
{Heap after GC invocations=13 (full 0):
 garbage-first heap   total 178176K, used 96275K [0x0000000700000000, 0x0000000800000000)
  region size 2048K, 4 young (8192K), 4 survivors (8192K)
 Metaspace       used 4700K, committed 4928K, reserved 1114112K
  class space    used 480K, committed 576K, reserved 1048576K
}
Event: 3.594 GC heap before
{Heap before GC invocations=13 (full 0):
 garbage-first heap   total 178176K, used 137235K [0x0000000700000000, 0x0000000800000000)
  region size 2048K, 24 young (49152K), 4 survivors (8192K)
 Metaspace       used 4701K, committed 4928K, reserved 1114112K
  class space    used 480K, committed 576K, reserved 1048576K
}
Event: 3.675 GC heap after
{Heap after GC invocations=14 (full 0):
 garbage-first heap   total 178176K, used 114707K [0x0000000700000000, 0x0000000800000000)
  region size 2048K, 3 young (6144K), 3 survivors (6144K)
 Metaspace       used 4701K, committed 4928K, reserved 1114112K
  class space    used 480K, committed 576K, reserved 1048576K
}
Event: 3.984 GC heap before
{Heap before GC invocations=14 (full 0):
 garbage-first heap   total 178176K, used 145427K [0x0000000700000000, 0x0000000800000000)
  region size 2048K, 18 young (36864K), 3 survivors (6144K)
 Metaspace       used 4702K, committed 4928K, reserved 1114112K
  class space    used 480K, committed 576K, reserved 1048576K
}
Event: 4.000 GC heap after
{Heap after GC invocations=15 (full 0):
 garbage-first heap   total 178176K, used 128019K [0x0000000700000000, 0x0000000800000000)
  region size 2048K, 3 young (6144K), 3 survivors (6144K)
 Metaspace       used 4702K, committed 4928K, reserved 1114112K
  class space    used 480K, committed 576K, reserved 1048576K
}
Event: 4.205 GC heap before
{Heap before GC invocations=16 (full 0):
 garbage-first heap   total 215040K, used 150547K [0x0000000700000000, 0x0000000800000000)
  region size 2048K, 14 young (28672K), 3 survivors (6144K)
 Metaspace       used 4702K, committed 4928K, reserved 1114112K
  class space    used 480K, committed 576K, reserved 1048576K
}
Event: 4.273 GC heap after
{Heap after GC invocations=17 (full 0):
 garbage-first heap   total 215040K, used 138259K [0x0000000700000000, 0x0000000800000000)
  region size 2048K, 2 young (4096K), 2 survivors (4096K)
 Metaspace       used 4702K, committed 4928K, reserved 1114112K
  class space    used 480K, committed 576K, reserved 1048576K
}
Event: 4.565 GC heap before
{Heap before GC invocations=17 (full 0):
 garbage-first heap   total 215040K, used 175123K [0x0000000700000000, 0x0000000800000000)
  region size 2048K, 20 young (40960K), 2 survivors (4096K)
 Metaspace       used 4703K, committed 4928K, reserved 1114112K
  class space    used 480K, committed 576K, reserved 1048576K
}
Event: 4.591 GC heap after
{Heap after GC invocations=18 (full 0):
 garbage-first heap   total 645120K, used 154673K [0x0000000700000000, 0x0000000800000000)
  region size 2048K, 3 young (6144K), 3 survivors (6144K)
 Metaspace       used 4703K, committed 4928K, reserved 1114112K
  class space    used 480K, committed 576K, reserved 1048576K
}
Event: 4.997 GC heap before
{Heap before GC invocations=18 (full 0):
 garbage-first heap   total 645120K, used 224305K [0x0000000700000000, 0x0000000800000000)
  region size 2048K, 37 young (75776K), 3 survivors (6144K)
 Metaspace       used 4703K, committed 4928K, reserved 1114112K
  class space    used 480K, committed 576K, reserved 1048576K
}
Event: 5.091 GC heap after
{Heap after GC invocations=19 (full 0):
 garbage-first heap   total 645120K, used 184369K [0x0000000700000000, 0x0000000800000000)
  region size 2048K, 5 young (10240K), 5 survivors (10240K)
 Metaspace       used 4703K, committed 4928K, reserved 1114112K
  class space    used 480K, committed 576K, reserved 1048576K
}
Event: 5.374 GC heap before
{Heap before GC invocations=19 (full 0):
 garbage-first heap   total 645120K, used 254001K [0x0000000700000000, 0x0000000800000000)
  region size 2048K, 39 young (79872K), 5 survivors (10240K)
 Metaspace       used 4703K, committed 4928K, reserved 1114112K
  class space    used 480K, committed 576K, reserved 1048576K
}
Event: 5.499 GC heap after
{Heap after GC invocations=20 (full 0):
 garbage-first heap   total 645120K, used 216113K [0x0000000700000000, 0x0000000800000000)
  region size 2048K, 5 young (10240K), 5 survivors (10240K)
 Metaspace       used 4703K, committed 4928K, reserved 1114112K
  class space    used 480K, committed 576K, reserved 1048576K
}
Event: 5.793 GC heap before
{Heap before GC invocations=20 (full 0):
 garbage-first heap   total 645120K, used 289841K [0x0000000700000000, 0x0000000800000000)
  region size 2048K, 41 young (83968K), 5 survivors (10240K)
 Metaspace       used 4703K, committed 4928K, reserved 1114112K
  class space    used 480K, committed 576K, reserved 1048576K
}
Event: 5.972 GC heap after
{Heap after GC invocations=21 (full 0):
 garbage-first heap   total 645120K, used 249905K [0x0000000700000000, 0x0000000800000000)
  region size 2048K, 6 young (12288K), 6 survivors (12288K)
 Metaspace       used 4703K, committed 4928K, reserved 1114112K
  class space    used 480K, committed 576K, reserved 1048576K
}
Event: 6.311 GC heap before
{Heap before GC invocations=21 (full 0):
 garbage-first heap   total 645120K, used 319537K [0x0000000700000000, 0x0000000800000000)
  region size 2048K, 40 young (81920K), 6 survivors (12288K)
 Metaspace       used 4895K, committed 5184K, reserved 1114112K
  class space    used 499K, committed 640K, reserved 1048576K
}

Dll operation events (14 events):
Event: 0.002 Attempting to load shared library /root/.gradle/jdks/eclipse_adoptium-21-amd64-linux.2/lib/libjava.so
Event: 0.002 Loaded shared library /root/.gradle/jdks/eclipse_adoptium-21-amd64-linux.2/lib/libjava.so
Event: 0.083 Attempting to load shared library /root/.gradle/jdks/eclipse_adoptium-21-amd64-linux.2/lib/libjsvml.so
Event: 0.083 Loaded shared library /root/.gradle/jdks/eclipse_adoptium-21-amd64-linux.2/lib/libjsvml.so
Event: 0.094 Attempting to load shared library /root/.gradle/jdks/eclipse_adoptium-21-amd64-linux.2/lib/libnio.so
Event: 0.094 Loaded shared library /root/.gradle/jdks/eclipse_adoptium-21-amd64-linux.2/lib/libnio.so
Event: 0.100 Attempting to load shared library /root/.gradle/jdks/eclipse_adoptium-21-amd64-linux.2/lib/libzip.so
Event: 0.100 Loaded shared library /root/.gradle/jdks/eclipse_adoptium-21-amd64-linux.2/lib/libzip.so
Event: 0.113 Attempting to load shared library /root/.gradle/jdks/eclipse_adoptium-21-amd64-linux.2/lib/libnet.so
Event: 0.113 Loaded shared library /root/.gradle/jdks/eclipse_adoptium-21-amd64-linux.2/lib/libnet.so
Event: 0.409 Attempting to load shared library /root/.gradle/jdks/eclipse_adoptium-21-amd64-linux.2/lib/libjimage.so
Event: 0.409 Loaded shared library /root/.gradle/jdks/eclipse_adoptium-21-amd64-linux.2/lib/libjimage.so
Event: 0.576 Attempting to load shared library /root/.gradle/jdks/eclipse_adoptium-21-amd64-linux.2/lib/libverify.so
Event: 0.576 Loaded shared library /root/.gradle/jdks/eclipse_adoptium-21-amd64-linux.2/lib/libverify.so

Deoptimization events (20 events):
Event: 6.284 Thread 0x00007f200402bb30 Uncommon trap: trap_request=0xffffff45 fr.pc=0x00007f1ff43edebc relative=0x00000000000028dc
Event: 6.284 Thread 0x00007f200402bb30 Uncommon trap: reason=unstable_if action=reinterpret pc=0x00007f1ff43edebc method=org.jetbrains.java.decompiler.struct.StructMethod.create(Lorg/jetbrains/java/decompiler/util/DataInputFullStream;Lorg/jetbrains/java/decompiler/struct/consts/ConstantPool;Lj
Event: 6.284 Thread 0x00007f200402bb30 DEOPT PACKING pc=0x00007f1ff43edebc sp=0x00007f2008f9b110
Event: 6.284 Thread 0x00007f200402bb30 DEOPT UNPACKING pc=0x00007f1ff3de4619 sp=0x00007f2008f9b0b0 mode 2
Event: 6.301 Thread 0x00007f200402bb30 Uncommon trap: trap_request=0xffffffde fr.pc=0x00007f1ff4427c48 relative=0x0000000000000768
Event: 6.301 Thread 0x00007f200402bb30 Uncommon trap: reason=class_check action=maybe_recompile pc=0x00007f1ff4427c48 method=java.util.stream.ReduceOps$3ReducingSink.accept(Ljava/lang/Object;)V @ 9 c2
Event: 6.301 Thread 0x00007f200402bb30 DEOPT PACKING pc=0x00007f1ff4427c48 sp=0x00007f2008f9b090
Event: 6.301 Thread 0x00007f200402bb30 DEOPT UNPACKING pc=0x00007f1ff3de4619 sp=0x00007f2008f9b070 mode 2
Event: 6.301 Thread 0x00007f200402bb30 Uncommon trap: trap_request=0xffffffde fr.pc=0x00007f1ff4427c48 relative=0x0000000000000768
Event: 6.301 Thread 0x00007f200402bb30 Uncommon trap: reason=class_check action=maybe_recompile pc=0x00007f1ff4427c48 method=java.util.stream.ReduceOps$3ReducingSink.accept(Ljava/lang/Object;)V @ 9 c2
Event: 6.301 Thread 0x00007f200402bb30 DEOPT PACKING pc=0x00007f1ff4427c48 sp=0x00007f2008f9b090
Event: 6.301 Thread 0x00007f200402bb30 DEOPT UNPACKING pc=0x00007f1ff3de4619 sp=0x00007f2008f9b070 mode 2
Event: 6.302 Thread 0x00007f200402bb30 Uncommon trap: trap_request=0xffffffde fr.pc=0x00007f1ff4427c48 relative=0x0000000000000768
Event: 6.302 Thread 0x00007f200402bb30 Uncommon trap: reason=class_check action=maybe_recompile pc=0x00007f1ff4427c48 method=java.util.stream.ReduceOps$3ReducingSink.accept(Ljava/lang/Object;)V @ 9 c2
Event: 6.302 Thread 0x00007f200402bb30 DEOPT PACKING pc=0x00007f1ff4427c48 sp=0x00007f2008f9b090
Event: 6.302 Thread 0x00007f200402bb30 DEOPT UNPACKING pc=0x00007f1ff3de4619 sp=0x00007f2008f9b070 mode 2
Event: 6.302 Thread 0x00007f200402bb30 Uncommon trap: trap_request=0xffffffde fr.pc=0x00007f1ff4427c48 relative=0x0000000000000768
Event: 6.302 Thread 0x00007f200402bb30 Uncommon trap: reason=class_check action=maybe_recompile pc=0x00007f1ff4427c48 method=java.util.stream.ReduceOps$3ReducingSink.accept(Ljava/lang/Object;)V @ 9 c2
Event: 6.302 Thread 0x00007f200402bb30 DEOPT PACKING pc=0x00007f1ff4427c48 sp=0x00007f2008f9b090
Event: 6.302 Thread 0x00007f200402bb30 DEOPT UNPACKING pc=0x00007f1ff3de4619 sp=0x00007f2008f9b070 mode 2

Classes loaded (20 events):
Event: 1.678 Loading class java/util/ComparableTimSort
Event: 1.678 Loading class java/util/ComparableTimSort done
Event: 1.690 Loading class sun/net/www/protocol/jar/JarURLConnection
Event: 1.690 Loading class java/net/JarURLConnection
Event: 1.690 Loading class java/net/JarURLConnection done
Event: 1.690 Loading class sun/net/www/protocol/jar/JarURLConnection done
Event: 1.690 Loading class sun/net/www/protocol/jar/JarFileFactory
Event: 1.690 Loading class sun/net/www/protocol/jar/URLJarFile$URLJarFileCloseController
Event: 1.690 Loading class sun/net/www/protocol/jar/URLJarFile$URLJarFileCloseController done
Event: 1.690 Loading class sun/net/www/protocol/jar/JarFileFactory done
Event: 1.691 Loading class sun/net/www/protocol/file/FileURLConnection
Event: 1.691 Loading class sun/net/www/protocol/file/FileURLConnection done
Event: 1.691 Loading class sun/net/www/protocol/jar/URLJarFile
Event: 1.691 Loading class sun/net/www/protocol/jar/URLJarFile done
Event: 1.693 Loading class sun/net/www/protocol/jar/URLJarFile$URLJarFileEntry
Event: 1.693 Loading class sun/net/www/protocol/jar/URLJarFile$URLJarFileEntry done
Event: 1.693 Loading class sun/net/www/protocol/jar/JarURLConnection$JarURLInputStream
Event: 1.693 Loading class sun/net/www/protocol/jar/JarURLConnection$JarURLInputStream done
Event: 2.002 Loading class java/lang/invoke/MethodHandle$1
Event: 2.002 Loading class java/lang/invoke/MethodHandle$1 done

Classes unloaded (0 events):
No events

Classes redefined (0 events):
No events

Internal exceptions (15 events):
Event: 0.173 Thread 0x00007f200402bb30 Exception <a 'java/lang/NoSuchMethodError'{0x0000000701e96198}: 'void java.lang.invoke.DirectMethodHandle$Holder.invokeStatic(java.lang.Object, java.lang.Object)'> (0x0000000701e96198) 
thrown [src/hotspot/share/interpreter/linkResolver.cpp, line 772]
Event: 0.573 Thread 0x00007f200402bb30 Exception <a 'java/lang/NoSuchMethodError'{0x0000000701c73e60}: 'void java.lang.invoke.DirectMethodHandle$Holder.invokeStaticInit(java.lang.Object, java.lang.Object)'> (0x0000000701c73e60) 
thrown [src/hotspot/share/interpreter/linkResolver.cpp, line 772]
Event: 0.574 Thread 0x00007f200402bb30 Exception <a 'java/lang/NoSuchMethodError'{0x0000000701c7dda8}: 'java.lang.Object java.lang.invoke.DirectMethodHandle$Holder.invokeInterface(java.lang.Object, java.lang.Object, java.lang.Object, java.lang.Object)'> (0x0000000701c7dda8) 
thrown [src/hotspot/share/interpreter/linkResolver.cpp, line 772]
Event: 0.574 Thread 0x00007f200402bb30 Exception <a 'java/lang/IncompatibleClassChangeError'{0x0000000701c81488}: Found class java.lang.Object, but interface was expected> (0x0000000701c81488) 
thrown [src/hotspot/share/interpreter/linkResolver.cpp, line 840]
Event: 1.680 Thread 0x00007f200402bb30 Exception <a 'java/lang/NoSuchMethodError'{0x000000070278b9f0}: 'void java.lang.invoke.DirectMethodHandle$Holder.invokeSpecial(java.lang.Object, java.lang.Object, java.lang.Object)'> (0x000000070278b9f0) 
thrown [src/hotspot/share/interpreter/linkResolver.cpp, line 772]
Event: 1.687 Thread 0x00007f200402bb30 Exception <a 'java/lang/NoSuchMethodError'{0x000000070279a508}: 'void java.lang.invoke.DirectMethodHandle$Holder.invokeStatic(java.lang.Object, java.lang.Object, java.lang.Object)'> (0x000000070279a508) 
thrown [src/hotspot/share/interpreter/linkResolver.cpp, line 772]
Event: 1.998 Thread 0x00007f200402bb30 Exception <a 'java/lang/NoSuchMethodError'{0x000000070455a728}: 'java.lang.Object java.lang.invoke.DirectMethodHandle$Holder.invokeStatic(java.lang.Object, int, java.lang.Object)'> (0x000000070455a728) 
thrown [src/hotspot/share/interpreter/linkResolver.cpp, line 772]
Event: 1.998 Thread 0x00007f200402bb30 Exception <a 'java/lang/NoSuchMethodError'{0x000000070455dee8}: 'java.lang.Object java.lang.invoke.DirectMethodHandle$Holder.invokeStaticInit(java.lang.Object, int, java.lang.Object)'> (0x000000070455dee8) 
thrown [src/hotspot/share/interpreter/linkResolver.cpp, line 772]
Event: 2.000 Thread 0x00007f200402bb30 Exception <a 'java/lang/NoSuchMethodError'{0x000000070456f9b0}: 'java.lang.Object java.lang.invoke.DirectMethodHandle$Holder.invokeStaticInit(java.lang.Object, double, double, java.lang.Object)'> (0x000000070456f9b0) 
thrown [src/hotspot/share/interpreter/linkResolver.cpp, line 772]
Event: 2.000 Thread 0x00007f200402bb30 Exception <a 'java/lang/NoSuchMethodError'{0x0000000704579418}: 'java.lang.Object java.lang.invoke.DirectMethodHandle$Holder.invokeSpecial(java.lang.Object, java.lang.Object, double, double)'> (0x0000000704579418) 
thrown [src/hotspot/share/interpreter/linkResolver.cpp, line 772]
Event: 2.005 Thread 0x00007f200402bb30 Exception <a 'java/lang/NoSuchMethodError'{0x00000007045a6788}: 'void java.lang.invoke.DirectMethodHandle$Holder.invokeStaticInit(java.lang.Object, java.lang.Object, java.lang.Object)'> (0x00000007045a6788) 
thrown [src/hotspot/share/interpreter/linkResolver.cpp, line 772]
Event: 2.005 Thread 0x00007f200402bb30 Exception <a 'java/lang/NoSuchMethodError'{0x00000007045ac480}: 'java.lang.Object java.lang.invoke.DirectMethodHandle$Holder.invokeStaticInit(java.lang.Object, java.lang.Object, java.lang.Object)'> (0x00000007045ac480) 
thrown [src/hotspot/share/interpreter/linkResolver.cpp, line 772]
Event: 6.271 Thread 0x00007f200402bb30 Implicit null exception at 0x00007f1ff4388080 to 0x00007f1ff43883d0
Event: 6.272 Thread 0x00007f200402bb30 Exception <a 'java/lang/NoSuchMethodError'{0x00000007232ec250}: 'int java.lang.invoke.DirectMethodHandle$Holder.invokeVirtual(java.lang.Object, java.lang.Object)'> (0x00000007232ec250) 
thrown [src/hotspot/share/interpreter/linkResolver.cpp, line 772]
Event: 6.292 Thread 0x00007f200402bb30 Exception <a 'java/lang/NoSuchMethodError'{0x000000072305f578}: 'java.lang.Object java.lang.invoke.DirectMethodHandle$Holder.invokeInterface(java.lang.Object, java.lang.Object)'> (0x000000072305f578) 
thrown [src/hotspot/share/interpreter/linkResolver.cpp, line 772]

ZGC Phase Switch (0 events):
No events

VM Operations (20 events):
Event: 3.393 Executing safepoint VM operation: G1CollectForAllocation (G1 Evacuation Pause) done
Event: 3.594 Executing safepoint VM operation: G1CollectForAllocation (G1 Evacuation Pause)
Event: 3.675 Executing safepoint VM operation: G1CollectForAllocation (G1 Evacuation Pause) done
Event: 3.984 Executing safepoint VM operation: G1CollectForAllocation (G1 Evacuation Pause)
Event: 4.000 Executing safepoint VM operation: G1CollectForAllocation (G1 Evacuation Pause) done
Event: 4.011 Executing safepoint VM operation: G1PauseRemark
Event: 4.065 Executing safepoint VM operation: G1PauseRemark done
Event: 4.183 Executing safepoint VM operation: G1PauseCleanup
Event: 4.183 Executing safepoint VM operation: G1PauseCleanup done
Event: 4.205 Executing safepoint VM operation: G1CollectForAllocation (G1 Evacuation Pause)
Event: 4.273 Executing safepoint VM operation: G1CollectForAllocation (G1 Evacuation Pause) done
Event: 4.565 Executing safepoint VM operation: G1CollectForAllocation (G1 Evacuation Pause)
Event: 4.591 Executing safepoint VM operation: G1CollectForAllocation (G1 Evacuation Pause) done
Event: 4.996 Executing safepoint VM operation: G1CollectForAllocation (G1 Evacuation Pause)
Event: 5.091 Executing safepoint VM operation: G1CollectForAllocation (G1 Evacuation Pause) done
Event: 5.374 Executing safepoint VM operation: G1CollectForAllocation (G1 Evacuation Pause)
Event: 5.499 Executing safepoint VM operation: G1CollectForAllocation (G1 Evacuation Pause) done
Event: 5.793 Executing safepoint VM operation: G1CollectForAllocation (G1 Evacuation Pause)
Event: 5.972 Executing safepoint VM operation: G1CollectForAllocation (G1 Evacuation Pause) done
Event: 6.311 Executing safepoint VM operation: G1CollectForAllocation (G1 Evacuation Pause)

Memory protections (10 events):
Event: 0.002 Protecting memory [0x00007f2008e9d000,0x00007f2008ea1000] with protection modes 0
Event: 0.078 Protecting memory [0x00007f1fe1620000,0x00007f1fe1624000] with protection modes 0
Event: 0.080 Protecting memory [0x00007f1fe151f000,0x00007f1fe1523000] with protection modes 0
Event: 0.080 Protecting memory [0x00007f1fe141e000,0x00007f1fe1422000] with protection modes 0
Event: 0.080 Protecting memory [0x00007f1fe131d000,0x00007f1fe1321000] with protection modes 0
Event: 0.080 Protecting memory [0x00007f1fe121c000,0x00007f1fe1220000] with protection modes 0
Event: 0.080 Protecting memory [0x00007f1fe111b000,0x00007f1fe111f000] with protection modes 0
Event: 0.091 Protecting memory [0x00007f1fe101a000,0x00007f1fe101e000] with protection modes 0
Event: 0.093 Protecting memory [0x00007f1fe0e49000,0x00007f1fe0e4d000] with protection modes 0
Event: 0.104 Protecting memory [0x00007f1fe0d48000,0x00007f1fe0d4c000] with protection modes 0

Nmethod flushes (20 events):
Event: 4.065 Thread 0x00007f20040ab570 flushing  nmethod 0x00007f1feca2d410
Event: 4.065 Thread 0x00007f20040ab570 flushing  nmethod 0x00007f1feca2f290
Event: 4.065 Thread 0x00007f20040ab570 flushing  nmethod 0x00007f1feca30090
Event: 4.065 Thread 0x00007f20040ab570 flushing  nmethod 0x00007f1feca31890
Event: 4.065 Thread 0x00007f20040ab570 flushing  nmethod 0x00007f1feca32f90
Event: 4.065 Thread 0x00007f20040ab570 flushing  nmethod 0x00007f1feca44090
Event: 4.065 Thread 0x00007f20040ab570 flushing  nmethod 0x00007f1feca47a90
Event: 4.065 Thread 0x00007f20040ab570 flushing  nmethod 0x00007f1feca47d90
Event: 4.065 Thread 0x00007f20040ab570 flushing  nmethod 0x00007f1feca48110
Event: 4.065 Thread 0x00007f20040ab570 flushing  nmethod 0x00007f1feca48510
Event: 4.065 Thread 0x00007f20040ab570 flushing  nmethod 0x00007f1feca48890
Event: 4.065 Thread 0x00007f20040ab570 flushing  nmethod 0x00007f1feca48c10
Event: 4.065 Thread 0x00007f20040ab570 flushing  nmethod 0x00007f1feca49490
Event: 4.065 Thread 0x00007f20040ab570 flushing  nmethod 0x00007f1feca4ad10
Event: 4.065 Thread 0x00007f20040ab570 flushing  nmethod 0x00007f1feca4b410
Event: 4.065 Thread 0x00007f20040ab570 flushing  nmethod 0x00007f1feca5f390
Event: 4.065 Thread 0x00007f20040ab570 flushing  nmethod 0x00007f1feca61590
Event: 4.065 Thread 0x00007f20040ab570 flushing  nmethod 0x00007f1feca62490
Event: 4.065 Thread 0x00007f20040ab570 flushing  nmethod 0x00007f1fecaae290
Event: 4.065 Thread 0x00007f20040ab570 flushing  nmethod 0x00007f1fecaae990

Events (10 events):
Event: 0.067 Thread 0x00007f200402bb30 Thread added: 0x00007f200402bb30
Event: 0.078 Thread 0x00007f200402bb30 Thread added: 0x00007f20040b5f20
Event: 0.080 Thread 0x00007f200402bb30 Thread added: 0x00007f20040b7490
Event: 0.080 Thread 0x00007f200402bb30 Thread added: 0x00007f20040b8c20
Event: 0.080 Thread 0x00007f200402bb30 Thread added: 0x00007f20040ba260
Event: 0.080 Thread 0x00007f200402bb30 Thread added: 0x00007f20040bb800
Event: 0.080 Thread 0x00007f200402bb30 Thread added: 0x00007f20040bd340
Event: 0.087 Thread 0x00007f200402bb30 Thread added: 0x00007f20040bea00
Event: 0.091 Thread 0x00007f200402bb30 Thread added: 0x00007f20040ca940
Event: 0.093 Thread 0x00007f200402bb30 Thread added: 0x00007f20040cdce0


Dynamic libraries:
700000000-727400000 rw-p 00000000 00:00 0 
768000000-7ffe00000 ---p 00000000 00:00 0 
7ffe00000-7fff0d000 rw-p 00cdb000 fe:00 396044                           /root/.gradle/jdks/eclipse_adoptium-21-amd64-linux.2/lib/server/classes.jsa
7fff0d000-800000000 rw-p 00000000 00:00 0 
55b77d042000-55b77d043000 r-xp 00000000 fe:00 396085                     /root/.gradle/jdks/eclipse_adoptium-21-amd64-linux.2/bin/java
55b77d044000-55b77d045000 r--p 00001000 fe:00 396085                     /root/.gradle/jdks/eclipse_adoptium-21-amd64-linux.2/bin/java
55b77d045000-55b77d046000 rw-p 00002000 fe:00 396085                     /root/.gradle/jdks/eclipse_adoptium-21-amd64-linux.2/bin/java
55b77da18000-55b77da5f000 rw-p 00000000 00:00 0                          [heap]
7f1f60000000-7f1f604f1000 rw-p 00000000 00:00 0 
7f1f604f1000-7f1f64000000 ---p 00000000 00:00 0 
7f1f68000000-7f1f68021000 rw-p 00000000 00:00 0 
7f1f68021000-7f1f6c000000 ---p 00000000 00:00 0 
7f1f6c000000-7f1f6d75c000 rw-p 00000000 00:00 0 
7f1f6d75c000-7f1f70000000 ---p 00000000 00:00 0 
7f1f70000000-7f1f70021000 rw-p 00000000 00:00 0 
7f1f70021000-7f1f74000000 ---p 00000000 00:00 0 
7f1f74000000-7f1f74021000 rw-p 00000000 00:00 0 
7f1f74021000-7f1f78000000 ---p 00000000 00:00 0 
7f1f78000000-7f1f78021000 rw-p 00000000 00:00 0 
7f1f78021000-7f1f7c000000 ---p 00000000 00:00 0 
7f1f7c000000-7f1f7c021000 rw-p 00000000 00:00 0 
7f1f7c021000-7f1f80000000 ---p 00000000 00:00 0 
7f1f80000000-7f1f802a3000 rw-p 00000000 00:00 0 
7f1f802a3000-7f1f84000000 ---p 00000000 00:00 0 
7f1f87000000-7f1f87210000 rw-p 00000000 00:00 0 
7f1f87210000-7f1f87400000 ---p 00000000 00:00 0 
7f1f87400000-7f1f87660000 rw-p 00000000 00:00 0 
7f1f87660000-7f1f8b000000 ---p 00000000 00:00 0 
7f1f8b000000-7f1f8b481000 rw-p 00001000 fe:00 396044                     /root/.gradle/jdks/eclipse_adoptium-21-amd64-linux.2/lib/server/classes.jsa
7f1f8b481000-7f1f8bc9c000 rw-p 00482000 fe:00 396044                     /root/.gradle/jdks/eclipse_adoptium-21-amd64-linux.2/lib/server/classes.jsa
7f1f8bc9c000-7f1f8c000000 ---p 00000000 00:00 0 
7f1f8c000000-7f1f8c040000 rw-p 00000000 00:00 0 
7f1f8c040000-7f1f8c070000 rw-p 00000000 00:00 0 
7f1f8c070000-7f1f8c080000 ---p 00000000 00:00 0 
7f1f8c080000-7f1f8c0b0000 rw-p 00000000 00:00 0 
7f1f8c0b0000-7f1fcc000000 ---p 00000000 00:00 0 
7f1fcc000000-7f1fcc021000 rw-p 00000000 00:00 0 
7f1fcc021000-7f1fd0000000 ---p 00000000 00:00 0 
7f1fd0000000-7f1fd0021000 rw-p 00000000 00:00 0 
7f1fd0021000-7f1fd4000000 ---p 00000000 00:00 0 
7f1fd4000000-7f1fd4021000 rw-p 00000000 00:00 0 
7f1fd4021000-7f1fd8000000 ---p 00000000 00:00 0 
7f1fd8000000-7f1fd8021000 rw-p 00000000 00:00 0 
7f1fd8021000-7f1fdc000000 ---p 00000000 00:00 0 
7f1fdc000000-7f1fdc021000 rw-p 00000000 00:00 0 
7f1fdc021000-7f1fe0000000 ---p 00000000 00:00 0 
7f1fe095f000-7f1fe0c46000 rw-p 00000000 00:00 0 
7f1fe0c46000-7f1fe0c47000 ---p 00000000 00:00 0 
7f1fe0c47000-7f1fe0d47000 rw-p 00000000 00:00 0 
7f1fe0d47000-7f1fe0d48000 ---p 00000000 00:00 0 
7f1fe0d48000-7f1fe0d4c000 ---p 00000000 00:00 0 
7f1fe0d4c000-7f1fe0e48000 rw-p 00000000 00:00 0 
7f1fe0e48000-7f1fe0e49000 ---p 00000000 00:00 0 
7f1fe0e49000-7f1fe0e4d000 ---p 00000000 00:00 0 
7f1fe0e4d000-7f1fe0f49000 rw-p 00000000 00:00 0 
7f1fe0f49000-7f1fe1017000 r-xp 00000000 fe:00 396013                     /root/.gradle/jdks/eclipse_adoptium-21-amd64-linux.2/lib/libjsvml.so
7f1fe1017000-7f1fe1018000 r--p 000cd000 fe:00 396013                     /root/.gradle/jdks/eclipse_adoptium-21-amd64-linux.2/lib/libjsvml.so
7f1fe1018000-7f1fe1019000 rw-p 000ce000 fe:00 396013                     /root/.gradle/jdks/eclipse_adoptium-21-amd64-linux.2/lib/libjsvml.so
7f1fe1019000-7f1fe101a000 ---p 00000000 00:00 0 
7f1fe101a000-7f1fe101e000 ---p 00000000 00:00 0 
7f1fe101e000-7f1fe111a000 rw-p 00000000 00:00 0 
7f1fe111a000-7f1fe111b000 ---p 00000000 00:00 0 
7f1fe111b000-7f1fe111f000 ---p 00000000 00:00 0 
7f1fe111f000-7f1fe121b000 rw-p 00000000 00:00 0 
7f1fe121b000-7f1fe121c000 ---p 00000000 00:00 0 
7f1fe121c000-7f1fe1220000 ---p 00000000 00:00 0 
7f1fe1220000-7f1fe131c000 rw-p 00000000 00:00 0 
7f1fe131c000-7f1fe131d000 ---p 00000000 00:00 0 
7f1fe131d000-7f1fe1321000 ---p 00000000 00:00 0 
7f1fe1321000-7f1fe141d000 rw-p 00000000 00:00 0 
7f1fe141d000-7f1fe141e000 ---p 00000000 00:00 0 
7f1fe141e000-7f1fe1422000 ---p 00000000 00:00 0 
7f1fe1422000-7f1fe151e000 rw-p 00000000 00:00 0 
7f1fe151e000-7f1fe151f000 ---p 00000000 00:00 0 
7f1fe151f000-7f1fe1523000 ---p 00000000 00:00 0 
7f1fe1523000-7f1fe161f000 rw-p 00000000 00:00 0 
7f1fe161f000-7f1fe1620000 ---p 00000000 00:00 0 
7f1fe1620000-7f1fe1624000 ---p 00000000 00:00 0 
7f1fe1624000-7f1fe1720000 rw-p 00000000 00:00 0 
7f1fe1720000-7f1fe1777000 r--p 00000000 00:25 13882                      /usr/lib/locale/C.utf8/LC_CTYPE
7f1fe1777000-7f1fe1778000 ---p 00000000 00:00 0 
7f1fe1778000-7f1fe1878000 rw-p 00000000 00:00 0 
7f1fe1878000-7f1fe1879000 ---p 00000000 00:00 0 
7f1fe1879000-7f1fe19fa000 rw-p 00000000 00:00 0 
7f1fe19fa000-7f1fe19fb000 ---p 00000000 00:00 0 
7f1fe19fb000-7f1fe1afb000 rw-p 00000000 00:00 0 
7f1fe1afb000-7f1fe1afc000 ---p 00000000 00:00 0 
7f1fe1afc000-7f1fe3dfe000 rw-p 00000000 00:00 0 
7f1fe3dfe000-7f1fe3dff000 ---p 00000000 00:00 0 
7f1fe3dff000-7f1fe3eff000 rw-p 00000000 00:00 0 
7f1fe3eff000-7f1fe3f00000 ---p 00000000 00:00 0 
7f1fe3f00000-7f1fe4000000 rw-p 00000000 00:00 0 
7f1fe4000000-7f1fe4021000 rw-p 00000000 00:00 0 
7f1fe4021000-7f1fe8000000 ---p 00000000 00:00 0 
7f1fe8038000-7f1fe8053000 r-xp 00000000 fe:00 396038                     /root/.gradle/jdks/eclipse_adoptium-21-amd64-linux.2/lib/libzip.so
7f1fe8053000-7f1fe8054000 r--p 0001a000 fe:00 396038                     /root/.gradle/jdks/eclipse_adoptium-21-amd64-linux.2/lib/libzip.so
7f1fe8054000-7f1fe8055000 rw-p 0001b000 fe:00 396038                     /root/.gradle/jdks/eclipse_adoptium-21-amd64-linux.2/lib/libzip.so
7f1fe8055000-7f1fe8a25000 rw-p 00000000 00:00 0 
7f1fe8a25000-7f1fec04d000 ---p 00000000 00:00 0 
7f1fec04d000-7f1fec18f000 rw-p 00000000 00:00 0 
7f1fec18f000-7f1fec854000 ---p 00000000 00:00 0 
7f1fec854000-7f1fec855000 rw-p 00000000 00:00 0 
7f1fec855000-7f1fecb65000 rwxp 00000000 00:00 0 
7f1fecb65000-7f1ff3d8d000 ---p 00000000 00:00 0 
7f1ff3d8d000-7f1ff3ffd000 rwxp 00000000 00:00 0 
7f1ff3ffd000-7f1ff431c000 ---p 00000000 00:00 0 
7f1ff431c000-7f1ff458c000 rwxp 00000000 00:00 0 
7f1ff458c000-7f1ffb855000 ---p 00000000 00:00 0 
7f1ffb855000-7f2004000000 r--s 00000000 fe:00 396039                     /root/.gradle/jdks/eclipse_adoptium-21-amd64-linux.2/lib/modules
7f2004000000-7f20042c5000 rw-p 00000000 00:00 0 
7f20042c5000-7f2008000000 ---p 00000000 00:00 0 
7f2008008000-7f2008015000 r-xp 00000000 fe:00 396037                     /root/.gradle/jdks/eclipse_adoptium-21-amd64-linux.2/lib/libverify.so
7f2008015000-7f2008017000 r--p 0000c000 fe:00 396037                     /root/.gradle/jdks/eclipse_adoptium-21-amd64-linux.2/lib/libverify.so
7f2008017000-7f2008018000 rw-p 0000e000 fe:00 396037                     /root/.gradle/jdks/eclipse_adoptium-21-amd64-linux.2/lib/libverify.so
7f2008018000-7f2008024000 r-xp 00000000 fe:00 396054                     /root/.gradle/jdks/eclipse_adoptium-21-amd64-linux.2/lib/libnet.so
7f2008024000-7f2008025000 r--p 0000b000 fe:00 396054                     /root/.gradle/jdks/eclipse_adoptium-21-amd64-linux.2/lib/libnet.so
7f2008025000-7f2008026000 rw-p 0000c000 fe:00 396054                     /root/.gradle/jdks/eclipse_adoptium-21-amd64-linux.2/lib/libnet.so
7f2008026000-7f200803a000 r-xp 00000000 fe:00 396012                     /root/.gradle/jdks/eclipse_adoptium-21-amd64-linux.2/lib/libnio.so
7f200803a000-7f200803b000 r--p 00013000 fe:00 396012                     /root/.gradle/jdks/eclipse_adoptium-21-amd64-linux.2/lib/libnio.so
7f200803b000-7f200803c000 rw-p 00014000 fe:00 396012                     /root/.gradle/jdks/eclipse_adoptium-21-amd64-linux.2/lib/libnio.so
7f200803c000-7f200803d000 r--p 00000000 00:25 13888                      /usr/lib/locale/C.utf8/LC_NUMERIC
7f200803d000-7f200803e000 r--p 00000000 00:25 13891                      /usr/lib/locale/C.utf8/LC_TIME
7f200803e000-7f200803f000 r--p 00000000 00:25 13881                      /usr/lib/locale/C.utf8/LC_COLLATE
7f200803f000-7f2008040000 r--p 00000000 00:25 13886                      /usr/lib/locale/C.utf8/LC_MONETARY
7f2008040000-7f2008041000 r--p 00000000 00:25 13885                      /usr/lib/locale/C.utf8/LC_MESSAGES/SYS_LC_MESSAGES
7f2008041000-7f2008042000 r--p 00000000 00:25 13889                      /usr/lib/locale/C.utf8/LC_PAPER
7f2008042000-7f2008043000 r--p 00000000 00:25 13887                      /usr/lib/locale/C.utf8/LC_NAME
7f2008043000-7f200804a000 r--s 00000000 00:25 17572                      /usr/lib/x86_64-linux-gnu/gconv/gconv-modules.cache
7f200804a000-7f20080e6000 rw-p 00000000 00:00 0 
7f20080e6000-7f20080e7000 ---p 00000000 00:00 0 
7f20080e7000-7f2008387000 rw-p 00000000 00:00 0 
7f2008387000-7f2008a4c000 ---p 00000000 00:00 0 
7f2008a4c000-7f2008c75000 rw-p 00000000 00:00 0 
7f2008c75000-7f2008d5b000 ---p 00000000 00:00 0 
7f2008d5b000-7f2008d62000 rw-p 00000000 00:00 0 
7f2008d62000-7f2008e46000 ---p 00000000 00:00 0 
7f2008e46000-7f2008e4b000 rw-p 00000000 00:00 0 
7f2008e4b000-7f2008e52000 ---p 00000000 00:00 0 
7f2008e52000-7f2008e73000 r-xp 00000000 fe:00 396017                     /root/.gradle/jdks/eclipse_adoptium-21-amd64-linux.2/lib/libjava.so
7f2008e73000-7f2008e74000 r--p 00020000 fe:00 396017                     /root/.gradle/jdks/eclipse_adoptium-21-amd64-linux.2/lib/libjava.so
7f2008e74000-7f2008e75000 rw-p 00021000 fe:00 396017                     /root/.gradle/jdks/eclipse_adoptium-21-amd64-linux.2/lib/libjava.so
7f2008e75000-7f2008e76000 rw-p 00000000 00:00 0 
7f2008e76000-7f2008e7e000 rw-s 00000000 fe:00 393699                     /tmp/hsperfdata_root/2713
7f2008e7e000-7f2008e99000 r-xp 00000000 fe:00 396051                     /root/.gradle/jdks/eclipse_adoptium-21-amd64-linux.2/lib/libjimage.so
7f2008e99000-7f2008e9a000 ---p 0001b000 fe:00 396051                     /root/.gradle/jdks/eclipse_adoptium-21-amd64-linux.2/lib/libjimage.so
7f2008e9a000-7f2008e9c000 r--p 0001b000 fe:00 396051                     /root/.gradle/jdks/eclipse_adoptium-21-amd64-linux.2/lib/libjimage.so
7f2008e9c000-7f2008e9d000 rw-p 0001d000 fe:00 396051                     /root/.gradle/jdks/eclipse_adoptium-21-amd64-linux.2/lib/libjimage.so
7f2008e9d000-7f2008ea1000 ---p 00000000 00:00 0 
7f2008ea1000-7f2008f9d000 rw-p 00000000 00:00 0 
7f2008f9d000-7f2008fad000 r--p 00000000 00:25 18057                      /usr/lib/x86_64-linux-gnu/libm.so.6
7f2008fad000-7f2009021000 r-xp 00010000 00:25 18057                      /usr/lib/x86_64-linux-gnu/libm.so.6
7f2009021000-7f200907b000 r--p 00084000 00:25 18057                      /usr/lib/x86_64-linux-gnu/libm.so.6
7f200907b000-7f200907c000 r--p 000dd000 00:25 18057                      /usr/lib/x86_64-linux-gnu/libm.so.6
7f200907c000-7f200907d000 rw-p 000de000 00:25 18057                      /usr/lib/x86_64-linux-gnu/libm.so.6
7f200907d000-7f200907e000 r--p 00000000 00:25 18172                      /usr/lib/x86_64-linux-gnu/librt.so.1
7f200907e000-7f200907f000 r-xp 00001000 00:25 18172                      /usr/lib/x86_64-linux-gnu/librt.so.1
7f200907f000-7f2009080000 r--p 00002000 00:25 18172                      /usr/lib/x86_64-linux-gnu/librt.so.1
7f2009080000-7f2009081000 r--p 00002000 00:25 18172                      /usr/lib/x86_64-linux-gnu/librt.so.1
7f2009081000-7f2009082000 rw-p 00003000 00:25 18172                      /usr/lib/x86_64-linux-gnu/librt.so.1
7f2009082000-7f200a4bc000 r-xp 00000000 fe:00 395966                     /root/.gradle/jdks/eclipse_adoptium-21-amd64-linux.2/lib/server/libjvm.so
7f200a4bc000-7f200a591000 r--p 01439000 fe:00 395966                     /root/.gradle/jdks/eclipse_adoptium-21-amd64-linux.2/lib/server/libjvm.so
7f200a591000-7f200a5c1000 rw-p 0150e000 fe:00 395966                     /root/.gradle/jdks/eclipse_adoptium-21-amd64-linux.2/lib/server/libjvm.so
7f200a5c1000-7f200a629000 rw-p 00000000 00:00 0 
7f200a629000-7f200a64f000 r--p 00000000 00:25 17847                      /usr/lib/x86_64-linux-gnu/libc.so.6
7f200a64f000-7f200a7a5000 r-xp 00026000 00:25 17847                      /usr/lib/x86_64-linux-gnu/libc.so.6
7f200a7a5000-7f200a7f8000 r--p 0017c000 00:25 17847                      /usr/lib/x86_64-linux-gnu/libc.so.6
7f200a7f8000-7f200a7fc000 r--p 001cf000 00:25 17847                      /usr/lib/x86_64-linux-gnu/libc.so.6
7f200a7fc000-7f200a7fe000 rw-p 001d3000 00:25 17847                      /usr/lib/x86_64-linux-gnu/libc.so.6
7f200a7fe000-7f200a80b000 rw-p 00000000 00:00 0 
7f200a80b000-7f200a80c000 r--p 00000000 00:25 17896                      /usr/lib/x86_64-linux-gnu/libdl.so.2
7f200a80c000-7f200a80d000 r-xp 00001000 00:25 17896                      /usr/lib/x86_64-linux-gnu/libdl.so.2
7f200a80d000-7f200a80e000 r--p 00002000 00:25 17896                      /usr/lib/x86_64-linux-gnu/libdl.so.2
7f200a80e000-7f200a80f000 r--p 00002000 00:25 17896                      /usr/lib/x86_64-linux-gnu/libdl.so.2
7f200a80f000-7f200a810000 rw-p 00003000 00:25 17896                      /usr/lib/x86_64-linux-gnu/libdl.so.2
7f200a810000-7f200a811000 r--p 00000000 00:25 18147                      /usr/lib/x86_64-linux-gnu/libpthread.so.0
7f200a811000-7f200a812000 r-xp 00001000 00:25 18147                      /usr/lib/x86_64-linux-gnu/libpthread.so.0
7f200a812000-7f200a813000 r--p 00002000 00:25 18147                      /usr/lib/x86_64-linux-gnu/libpthread.so.0
7f200a813000-7f200a814000 r--p 00002000 00:25 18147                      /usr/lib/x86_64-linux-gnu/libpthread.so.0
7f200a814000-7f200a815000 rw-p 00003000 00:25 18147                      /usr/lib/x86_64-linux-gnu/libpthread.so.0
7f200a815000-7f200a816000 r--p 00000000 00:25 13880                      /usr/lib/locale/C.utf8/LC_ADDRESS
7f200a816000-7f200a817000 r--p 00000000 00:25 13890                      /usr/lib/locale/C.utf8/LC_TELEPHONE
7f200a817000-7f200a818000 r--p 00000000 00:25 13884                      /usr/lib/locale/C.utf8/LC_MEASUREMENT
7f200a818000-7f200a819000 r--p 00000000 00:25 13883                      /usr/lib/locale/C.utf8/LC_IDENTIFICATION
7f200a819000-7f200a81a000 ---p 00000000 00:00 0 
7f200a81a000-7f200a81b000 r--p 00000000 00:00 0 
7f200a81b000-7f200a81c000 ---p 00000000 00:00 0 
7f200a81c000-7f200a835000 r-xp 00000000 fe:00 396056                     /root/.gradle/jdks/eclipse_adoptium-21-amd64-linux.2/lib/libjli.so
7f200a835000-7f200a836000 r--p 00018000 fe:00 396056                     /root/.gradle/jdks/eclipse_adoptium-21-amd64-linux.2/lib/libjli.so
7f200a836000-7f200a837000 rw-p 00019000 fe:00 396056                     /root/.gradle/jdks/eclipse_adoptium-21-amd64-linux.2/lib/libjli.so
7f200a837000-7f200a839000 rw-p 00000000 00:00 0 
7f200a839000-7f200a83a000 r--p 00000000 00:25 17633                      /usr/lib/x86_64-linux-gnu/ld-linux-x86-64.so.2
7f200a83a000-7f200a860000 r-xp 00001000 00:25 17633                      /usr/lib/x86_64-linux-gnu/ld-linux-x86-64.so.2
7f200a860000-7f200a86a000 r--p 00027000 00:25 17633                      /usr/lib/x86_64-linux-gnu/ld-linux-x86-64.so.2
7f200a86a000-7f200a86c000 r--p 00031000 00:25 17633                      /usr/lib/x86_64-linux-gnu/ld-linux-x86-64.so.2
7f200a86c000-7f200a86e000 rw-p 00033000 00:25 17633                      /usr/lib/x86_64-linux-gnu/ld-linux-x86-64.so.2
7ffe7adb6000-7ffe7add7000 rw-p 00000000 00:00 0                          [stack]
7ffe7ade1000-7ffe7ade4000 r--p 00000000 00:00 0                          [vvar]
7ffe7ade4000-7ffe7ade6000 r-xp 00000000 00:00 0                          [vdso]
ffffffffff600000-ffffffffff601000 r-xp 00000000 00:00 0                  [vsyscall]
Total number of mappings: 199

JVMTI agents: none


VM Arguments:
jvm_args: -Xmx4g -Dfile.encoding=UTF-8 -Duser.country -Duser.language=en -Duser.variant 
java_command: org.jetbrains.java.decompiler.main.decompiler.ConsoleDecompiler -log=error --decompile-inner --remove-bridge --decompile-generics --ascii-strings --remove-synthetic --include-classpath --variable-renaming=jad --ignore-invalid-bytecode --bytecode-source-mapping --dump-code-lines --indent-string=     -cfg /workspace/build/neoForm/neoFormJoined1.21.1-20240808.144430/steps/listLibraries/libraries.txt /workspace/build/neoForm/neoFormJoined1.21.1-20240808.144430/steps/rename/output.jar /workspace/build/neoForm/neoFormJoined1.21.1-20240808.144430/steps/decompile/output.jar
java_class_path (initial): /root/.gradle/caches/modules-2/files-2.1/org.vineflower/vineflower/1.10.1/4f48c5947b21f9ebc743e7c80215ee839d3dc668/vineflower-1.10.1.jar
Launcher Type: SUN_STANDARD

[Global flags]
     intx CICompilerCount                          = 2                                         {product} {ergonomic}
     uint ConcGCThreads                            = 1                                         {product} {ergonomic}
     uint G1ConcRefinementThreads                  = 2                                         {product} {ergonomic}
   size_t G1HeapRegionSize                         = 2097152                                   {product} {ergonomic}
    uintx GCDrainStackTargetSize                   = 64                                        {product} {ergonomic}
   size_t InitialHeapSize                          = 33554432                                  {product} {ergonomic}
   size_t MarkStackSize                            = 4194304                                   {product} {ergonomic}
   size_t MaxHeapSize                              = 4294967296                                {product} {command line}
   size_t MaxNewSize                               = 2575302656                                {product} {ergonomic}
   size_t MinHeapDeltaBytes                        = 2097152                                   {product} {ergonomic}
   size_t MinHeapSize                              = 8388608                                   {product} {ergonomic}
    uintx NonNMethodCodeHeapSize                   = 5826188                                {pd product} {ergonomic}
    uintx NonProfiledCodeHeapSize                  = 122916026                              {pd product} {ergonomic}
    uintx ProfiledCodeHeapSize                     = 122916026                              {pd product} {ergonomic}
    uintx ReservedCodeCacheSize                    = 251658240                              {pd product} {ergonomic}
     bool SegmentedCodeCache                       = true                                      {product} {ergonomic}
   size_t SoftMaxHeapSize                          = 4294967296                             {manageable} {ergonomic}
     bool UseCompressedOops                        = true                           {product lp64_product} {ergonomic}
     bool UseG1GC                                  = true                                      {product} {ergonomic}

Logging:
Log output configuration:
 #0: stdout all=warning uptime,level,tags foldmultilines=false
 #1: stderr all=off uptime,level,tags foldmultilines=false

Release file:
IMPLEMENTOR="Eclipse Adoptium"
IMPLEMENTOR_VERSION="Temurin-21.0.12.1+1"
JAVA_RUNTIME_VERSION="21.0.12.1+1-LTS"
JAVA_VERSION="21.0.12.1"
JAVA_VERSION_DATE="2026-08-18"
LIBC="gnu"
MODULES="java.base java.compiler java.datatransfer java.xml java.prefs java.desktop java.instrument java.logging java.management java.security.sasl java.naming java.rmi java.management.rmi java.net.http java.scripting java.security.jgss java.transaction.xa java.sql java.sql.rowset java.xml.crypto java.se java.smartcardio jdk.accessibility jdk.internal.jvmstat jdk.attach jdk.charsets jdk.internal.opt jdk.zipfs jdk.compiler jdk.crypto.ec jdk.crypto.cryptoki jdk.dynalink jdk.internal.ed jdk.editpad jdk.hotspot.agent jdk.httpserver jdk.incubator.vector jdk.internal.le jdk.internal.vm.ci jdk.internal.vm.compiler jdk.internal.vm.compiler.management jdk.jartool jdk.javadoc jdk.jcmd jdk.management jdk.management.agent jdk.jconsole jdk.jdeps jdk.jdwp.agent jdk.jdi jdk.jfr jdk.jlink jdk.jpackage jdk.jshell jdk.jsobject jdk.jstatd jdk.localedata jdk.management.jfr jdk.naming.dns jdk.naming.rmi jdk.net jdk.nio.mapmode jdk.random jdk.sctp jdk.security.auth jdk.security.jgss jdk.unsupported jdk.unsupported.desktop jdk.xml.dom"
OS_ARCH="x86_64"
OS_NAME="Linux"
SOURCE=".:git:1c417fbfc2f7"
BUILD_SOURCE="git:e6ba7dec3d07654074559310376a3ae89da5f4ac"
BUILD_SOURCE_REPO="https://github.com/adoptium/temurin-build.git"
SOURCE_REPO="https://github.com/adoptium/jdk21u.git"
FULL_VERSION="21.0.12.1+1-LTS"
SEMANTIC_VERSION="21.0.12.1+1"
BUILD_INFO="OS: Linux Version: 6.8.0-1064-azure"
JVM_VARIANT="Hotspot"
JVM_VERSION="21.0.12.1+1-LTS"
IMAGE_TYPE="JDK"

Environment Variables:
PATH=/usr/local/sbin:/usr/local/bin:/usr/sbin:/usr/bin:/sbin:/bin
SHELL=/bin/bash
LANG=C.UTF-8
LC_ALL=C.UTF-8
TERM=tmux-256color

Active Locale:
LC_ALL=C.UTF-8
LC_COLLATE=C.UTF-8
LC_CTYPE=C.UTF-8
LC_MESSAGES=C.UTF-8
LC_MONETARY=C.UTF-8
LC_NUMERIC=C.UTF-8
LC_TIME=C.UTF-8

Signal Handlers:
   SIGSEGV: crash_handler in libjvm.so, mask=11100100010111111101111111111110, flags=SA_RESTART|SA_SIGINFO, unblocked
    SIGBUS: crash_handler in libjvm.so, mask=11100100010111111101111111111110, flags=SA_RESTART|SA_SIGINFO, unblocked
    SIGFPE: crash_handler in libjvm.so, mask=11100100010111111101111111111110, flags=SA_RESTART|SA_SIGINFO, unblocked
   SIGPIPE: javaSignalHandler in libjvm.so, mask=11100100010111111101111111111110, flags=SA_RESTART|SA_SIGINFO, unblocked
   SIGXFSZ: javaSignalHandler in libjvm.so, mask=11100100010111111101111111111110, flags=SA_RESTART|SA_SIGINFO, unblocked
    SIGILL: crash_handler in libjvm.so, mask=11100100010111111101111111111110, flags=SA_RESTART|SA_SIGINFO, unblocked
   SIGUSR2: SR_handler in libjvm.so, mask=00100000000000000000000000000000, flags=SA_RESTART|SA_SIGINFO, unblocked
    SIGHUP: UserHandler in libjvm.so, mask=11100100010111111101111111111110, flags=SA_RESTART|SA_SIGINFO, unblocked
    SIGINT: UserHandler in libjvm.so, mask=11100100010111111101111111111110, flags=SA_RESTART|SA_SIGINFO, unblocked
   SIGTERM: UserHandler in libjvm.so, mask=11100100010111111101111111111110, flags=SA_RESTART|SA_SIGINFO, unblocked
   SIGQUIT: UserHandler in libjvm.so, mask=11100100010111111101111111111110, flags=SA_RESTART|SA_SIGINFO, unblocked
   SIGTRAP: crash_handler in libjvm.so, mask=11100100010111111101111111111110, flags=SA_RESTART|SA_SIGINFO, unblocked


Periodic native trim disabled

---------------  S Y S T E M  ---------------

OS:
PRETTY_NAME="Debian GNU/Linux 12 (bookworm)"
NAME="Debian GNU/Linux"
VERSION_ID="12"
VERSION="12 (bookworm)"
VERSION_CODENAME=bookworm
ID=debian
HOME_URL="https://www.debian.org/"
SUPPORT_URL="https://www.debian.org/support"
BUG_REPORT_URL="https://bugs.debian.org/"
uname: Linux 4.19.91-c8dfc93.al7.x86_64 #1 SMP Tue Sep 26 10:25:51 UTC 2023 x86_64
OS uptime: 0 days 0:52 hours
libc: glibc 2.36 NPTL 2.36 
rlimit (soft/hard): STACK 8192k/infinity , CORE 0k/0k , NPROC 100000/100000 , NOFILE 100000/100000 , AS infinity/infinity , CPU infinity/infinity , DATA infinity/infinity , FSIZE infinity/infinity , MEMLOCK 64k/64k
load average: 0.34 0.55 0.35

/proc/meminfo:
MemTotal:        2152516 kB
MemFree:          259408 kB
MemAvailable:     811468 kB
Buffers:           12664 kB
Cached:           585936 kB
SwapCached:            0 kB
Active:          1456296 kB
Inactive:         344796 kB
Active(anon):    1202660 kB
Inactive(anon):       16 kB
Active(file):     253636 kB
Inactive(file):   344780 kB
Unevictable:           0 kB
Mlocked:               0 kB
SwapTotal:             0 kB
SwapFree:              0 kB
Dirty:             24476 kB
Writeback:             0 kB
AnonPages:       1200652 kB
Mapped:            51408 kB
Shmem:                36 kB
Slab:              43572 kB
SReclaimable:      30604 kB
SUnreclaim:        12968 kB
KernelStack:        3120 kB
PageTables:         4068 kB
NFS_Unstable:          0 kB
Bounce:                0 kB
WritebackTmp:          0 kB
CommitLimit:     1076256 kB
Committed_AS:    1841004 kB
VmallocTotal:   34359738367 kB
VmallocUsed:           0 kB
VmallocChunk:          0 kB
Percpu:              384 kB
AnonHugePages:    518144 kB
ShmemHugePages:        0 kB
ShmemPmdMapped:        0 kB
HugePages_Total:       0
HugePages_Free:        0
HugePages_Rsvd:        0
HugePages_Surp:        0
Hugepagesize:       2048 kB
Hugetlb:               0 kB
DirectMap4k:        8192 kB
DirectMap2M:     2523136 kB
DirectMap1G:           0 kB

/sys/kernel/mm/transparent_hugepage/enabled: [always] madvise never
/sys/kernel/mm/transparent_hugepage/hpage_pmd_size: 2097152
/sys/kernel/mm/transparent_hugepage/defrag (defrag/compaction efforts parameter): always defer defer+madvise madvise [never]

Process Memory:
Virtual Size: 5803260K (peak: 6923280K)
Resident Set Size: 451328K (peak: 451328K) (anon: 429060K, file: 22268K, shmem: 0K)
Swapped out: 0K
C-Heap outstanding allocations: 31046K, retained: 13713K
glibc malloc tunables: (default)

/proc/sys/kernel/threads-max (system-wide limit on the number of threads): 1129
/proc/sys/vm/max_map_count (maximum number of memory map areas a process may have): 65530
/proc/sys/vm/swappiness (control to define how aggressively the kernel swaps out anonymous memory): 60
/proc/sys/kernel/pid_max (system-wide limit on number of process identifiers): 32768

container (cgroup) information:
container_type: cgroupv1
cpu_cpuset_cpus: 0-1
cpu_memory_nodes: 0
active_processor_count: 2
cpu_quota: no quota
cpu_period: 100000
cpu_shares: 12288
cpu_usage_in_micros: 358139311
memory_limit_in_bytes: 2097152 k
memory_and_swap_limit_in_bytes: unlimited
memory_soft_limit_in_bytes: unlimited
memory_throttle_limit_in_bytes: not supported
memory_usage_in_bytes: 1825476 k
memory_max_usage_in_bytes: 1825476 k
rss_usage_in_bytes: 1189712 k
cache_usage_in_bytes: 598032 k
kernel_memory_limit_in_bytes: unlimited
kernel_memory_usage_in_bytes: 37404 k
kernel_memory_max_usage_in_bytes: 76280 k
maximum number of tasks: unlimited
current number of tasks: 117

KVM virtualization detected
Steal ticks since vm start: 635
Steal ticks percentage since vm start:  0.494

CPU: total 2 (initial active 2) (2 cores per cpu, 1 threads per core) family 6 model 85 stepping 7 microcode 0x1, cx8, cmov, fxsr, mmx, 3dnowpref, sse, sse2, sse3, ssse3, sse4.1, sse4.2, popcnt, lzcnt, tsc, tscinvbit, avx, avx2, aes, erms, clmul, bmi1, bmi2, adx, avx512f, avx512dq, avx512cd, avx512bw, avx512vl, fma, vzeroupper, avx512_vnni, clflush, clflushopt, clwb, hv, rdtscp, f16c
CPU Model and flags from /proc/cpuinfo:
model name	: Intel(R) Xeon(R) Processor @ 2.50GHz
flags		: fpu vme de pse tsc msr pae mce cx8 apic sep mtrr pge mca cmov pat pse36 clflush mmx fxsr sse sse2 ss ht syscall nx pdpe1gb rdtscp lm constant_tsc rep_good nopl xtopology nonstop_tsc cpuid tsc_known_freq pni pclmulqdq ssse3 fma cx16 pcid sse4_1 sse4_2 x2apic movbe popcnt tsc_deadline_timer aes xsave avx f16c rdrand hypervisor lahf_lm abm 3dnowprefetch cpuid_fault invpcid_single ssbd ibrs ibpb stibp ibrs_enhanced fsgsbase tsc_adjust bmi1 avx2 smep bmi2 erms invpcid mpx avx512f avx512dq rdseed adx smap clflushopt clwb avx512cd avx512bw avx512vl xsaveopt xsavec xgetbv1 xsaves umip avx512_vnni md_clear arch_capabilities

Online cpus: 0-1
Offline cpus: 
BIOS frequency limitation: <Not Available>
Frequency switch latency (ns): <Not Available>
Available cpu frequencies: <Not Available>
Current governor: <Not Available>
Core performance/turbo boost: <Not Available>

Memory: 4k page, physical 2097152k(271676k free), swap 0k(0k free)
Page Sizes: 4k

vm_info: OpenJDK 64-Bit Server VM (21.0.12.1+1-LTS) for linux-amd64 JRE (21.0.12.1+1-LTS), built on 2026-08-18T00:00:00Z by "admin" with gcc 11.3.0

END.
